KYSE180.GSE155184.Homo_Sapiens.H3K27ac.b1	SRR12331555_1.fastq.gz
KYSE180.GSE155184.Homo_Sapiens.H3K27ac.b1	SRR12331554_1.fastq.gz
A673_SA2m1.GSE133227.Homo_Sapiens.H3K27ac.b3	SRR9590189_1.fastq.gz
AoSMC.GSE178598.Homo_Sapiens.H3K27ac.b1	SRR14872075_1.fastq.gz
AoSMC.GSE178598.Homo_Sapiens.H3K27ac.b1	SRR14872076_1.fastq.gz
AoSMC.GSE178598.Homo_Sapiens.H3K27ac.b1	SRR14872074_1.fastq.gz
A673-siSA2-Dh8-72h-D347-D362.GSE156650.Homo_Sapiens.CTCF.b2	SRR12492720_1.fastq.gz
A673-siSA2-Dh8-72h-D347-D362.GSE156650.Homo_Sapiens.CTCF.b2	SRR12492722_1.fastq.gz
H1876.GSE151001.Homo_Sapiens.H3K27ac.b1	SRR11826688_1.fastq.gz
A673-siSA2-Dh6-72h-D347-D362.GSE156650.Homo_Sapiens.CTCF.b1	SRR12492729_1.fastq.gz
A673-siSA2-Dh6-72h-D347-D362.GSE156650.Homo_Sapiens.CTCF.b1	SRR12492733_1.fastq.gz
A673-siSA2-Dh6-72h-D347-D362.GSE156650.Homo_Sapiens.CTCF.b1	SRR12492730_1.fastq.gz
A673-siSA2-Dh6-72h-D347-D362.GSE156650.Homo_Sapiens.CTCF.b1	SRR12492732_1.fastq.gz
TKO_24H.GSE113339.Mus_Musculus.H3K27ac.b3	SRR8874682_1.fastq.gz
TKO_24H.GSE113339.Mus_Musculus.H3K27ac.b3	SRR8874681_1.fastq.gz
H9-HS.GSE105028.Homo_Sapiens.CTCF.b1	SRR6206797_1.fastq.gz
H9-HS.GSE105028.Homo_Sapiens.CTCF.b1	SRR6206796_1.fastq.gz
CD34+-Cord-Blood.GSE165207.Homo_Sapiens.H3K27ac.b1	SRR13492051_1.fastq.gz
Erythroid_1hr.GSE142004.Mus_Musculus.YY1.b2	SRR10690962_1.fastq.gz
A673_SA2r.GSE133227.Homo_Sapiens.CTCF.b2	SRR9590191_1.fastq.gz
K562.GSE99519.Homo_Sapiens.YY1.b1	SRR6010263_1.fastq.gz
K562.GSE99519.Homo_Sapiens.YY1.b1	SRR6010262_1.fastq.gz
mESC_RYBP_WT.GSE147919.Mus_Musculus.CTCF.b2	SRR11465549_1.fastq.gz
mESC_WO.GSE99519.Mus_Musculus.H3K27ac.b1	SRR6010269_1.fastq.gz
mESC_RYBP_KO.GSE147919.Mus_Musculus.CTCF.b1	SRR11465550_1.fastq.gz
M14-STAG2-KD.GSE156772.Homo_Sapiens.H3K27ac.b1	SRR12508305_1.fastq.gz
NF_9.GSE165303.Homo_Sapiens.H3K27ac.b1	SRR13505989_1.fastq.gz
A673_WT.GSE133227.Homo_Sapiens.CTCF.b2	SRR9590199_1.fastq.gz
HUDEP-2-WT.GSE131054.Homo_Sapiens.H3K27ac.b1	SRR9044507_1.fastq.gz
hESC-WT-D0.GSE120294.Homo_Sapiens.SMC1A.b3	SRR7888972_1.fastq.gz
hESC-WT-D0.GSE120294.Homo_Sapiens.SMC1A.b3	SRR7888970_1.fastq.gz
hESC-WT-D0.GSE120294.Homo_Sapiens.SMC1A.b3	SRR7888971_1.fastq.gz
hESC-WT-D0.GSE120294.Homo_Sapiens.SMC1A.b3	SRR7888969_1.fastq.gz
Naive_Tcells.GSE101498.Homo_Sapiens.H3K27ac.b2	SRR5831498_1.fastq.gz
Naive_Tcells.GSE101498.Homo_Sapiens.H3K27ac.b2	SRR5831497_1.fastq.gz
Villus_Hnf4DKO.GSE148691.Mus_Musculus.H3K4me3.b1	SRR11548372_1.fastq.gz
Villus_Hnf4DKO.GSE148691.Mus_Musculus.H3K4me3.b1	SRR11548373_1.fastq.gz
mES_100k.GSE101498.Mus_Musculus.H3K27ac.b1	SRR5831485_1.fastq.gz
HaCaT_Stimulated.GSE151193.Homo_Sapiens.H3K27ac.b1	SRR11849616_1.fastq.gz
HaCaT_Stimulated.GSE151193.Homo_Sapiens.H3K27ac.b1	SRR11849617_1.fastq.gz
H9.GSE105028.Homo_Sapiens.KLF4.b1	SRR6206806_1.fastq.gz
H9.GSE105028.Homo_Sapiens.KLF4.b1	SRR6206807_1.fastq.gz
HCC1599-WT.GSE116872.Homo_Sapiens.SMC1A.b1	SRR7505611_1.fastq.gz
Treg_WT.GSE112176.Mus_Musculus.H3K27ac.b2	SRR6876291_1.fastq.gz
PAEC-siRNA-Ctrl.GSE152900.Homo_Sapiens.H3K27ac.b2	SRR18552250_1.fastq.gz
THP-1-del-eIFIDR-Batch2.GSE149420.Homo_Sapiens.H3K4me3.b1	SRR14804045_1.fastq.gz
STAG2-WT.GSE116495.Homo_Sapiens.SMC1A.b2	SRR13610656_1.fastq.gz
TKO_0H.GSE113339.Mus_Musculus.H3K27ac.b3	SRR8874675_1.fastq.gz
TKO_0H.GSE113339.Mus_Musculus.H3K27ac.b3	SRR8874676_1.fastq.gz
Primary-Foreskin-Keratinocytes-Day0.GSE158642.Homo_Sapiens.H3K27ac.b2	SRR12728608_1.fastq.gz
DCM_5.GSE165303.Homo_Sapiens.H3K27ac.b1	SRR13505995_1.fastq.gz
mESC_UT.GSE99519.Mus_Musculus.H3K27ac.b1	SRR6010264_1.fastq.gz
NSD2-High-NTKO.GSE131651.Homo_Sapiens.CTCF.b2	SRR9109513_1.fastq.gz
NSD2-High-NTKO.GSE131651.Homo_Sapiens.CTCF.b2	SRR9109509_1.fastq.gz
NSD2-High-NTKO.GSE131651.Homo_Sapiens.CTCF.b2	SRR9109511_1.fastq.gz
NSD2-High-NTKO.GSE131651.Homo_Sapiens.CTCF.b2	SRR9109510_1.fastq.gz
NSD2-High-NTKO.GSE131651.Homo_Sapiens.CTCF.b2	SRR9109508_1.fastq.gz
NSD2-High-NTKO.GSE131651.Homo_Sapiens.CTCF.b2	SRR9109512_1.fastq.gz
Middle-Frontal-Gyrus.GSE147672.Homo_Sapiens.H3K27ac.b2	SRR11442523_1.fastq.gz
Middle-Frontal-Gyrus.GSE147672.Homo_Sapiens.H3K27ac.b2	SRR11442521_1.fastq.gz
Middle-Frontal-Gyrus.GSE147672.Homo_Sapiens.H3K27ac.b2	SRR11442520_1.fastq.gz
Middle-Frontal-Gyrus.GSE147672.Homo_Sapiens.H3K27ac.b2	SRR11442522_1.fastq.gz
mOPC_IFN.GSE166177.Mus_Musculus.H3K27ac.b1	SRR13631522_1.fastq.gz
mOPC_Ctrl.GSE166177.Mus_Musculus.H3K27ac.b1	SRR13631521_1.fastq.gz
H2066.GSE151001.Homo_Sapiens.H3K27ac.b1	SRR11826690_1.fastq.gz
H520.GSE166232.Homo_Sapiens.H3K27ac.b1	SRR13637943_1.fastq.gz
Nalm6.GSE115492.Homo_Sapiens.H3K27ac.b1	SRR7278684_1.fastq.gz
cbCD34+-HSPC-SJMPAL011911-D1.GSE165207.Homo_Sapiens.H3K27ac.b1	SRR13492044_1.fastq.gz
A673_SA2m1.GSE133227.Homo_Sapiens.CTCF.b5	SRR9590186_1.fastq.gz
COLO320-DM.GSE159985.Homo_Sapiens.H3K27ac.b1	SRR12885711_1.fastq.gz
OPC.GSE157666.Mus_Musculus.H3K27ac.b3	SRR12610298_1.fastq.gz
mES_50k.GSE101498.Mus_Musculus.H3K27ac.b2	SRR5831488_1.fastq.gz
THP-1-del-eIFIDR-Batch1.GSE149420.Homo_Sapiens.H3K4me3.b1	SRR14804040_1.fastq.gz
THP-1-del-eIFIDR-Batch1.GSE149420.Homo_Sapiens.H3K4me3.b1	SRR14804041_1.fastq.gz
lgs000379.GSE116193.Homo_Sapiens.CTCF.b1	SRR7417514_1.fastq.gz
A673_WT.GSE133227.Homo_Sapiens.H3K27ac.b2	SRR9590204_1.fastq.gz
A673_WT.GSE133227.Homo_Sapiens.H3K27ac.b1	SRR9590203_1.fastq.gz
OCI-Ly7-OCABi.GSE183797.Homo_Sapiens.H3K27ac.b2	SRR15831068_1.fastq.gz
BMDM_Basal.GSE159629.Mus_Musculus.H3K4me3.b2	SRR12844352_1.fastq.gz
MB157-pInd20EBF1-10dox.GSE173843.Homo_Sapiens.SMC1A.b1	SRR14421716_1.fastq.gz
A673_SA2m1.GSE133227.Homo_Sapiens.CTCF.b3	SRR9590184_1.fastq.gz
ARK-1.GSE137936.Homo_Sapiens.H3K27ac.b1	SRR10175016_1.fastq.gz
mES.GSE115524.Mus_Musculus.Oct4.b2	SRR7990661_1.fastq.gz
A673-siSA2-Dh6-72h-D347-D362.GSE156650.Homo_Sapiens.CTCF.b2	SRR12492734_1.fastq.gz
A673-siSA2-Dh6-72h-D347-D362.GSE156650.Homo_Sapiens.CTCF.b2	SRR12492731_1.fastq.gz
NF_10.GSE165303.Homo_Sapiens.H3K27ac.b1	SRR13505990_1.fastq.gz
Tconv.GSE189442.Mus_Musculus.IgG.b1	SRR17021180_1.fastq.gz
mES_10m.GSE80820.Mus_Musculus.SMC1A.b1	SRR3467183_1.fastq.gz
mES_10m.GSE80820.Mus_Musculus.SMC1A.b1	SRR3467184_1.fastq.gz
M14-WT.GSE156772.Homo_Sapiens.H3K27ac.b2	SRR12508304_1.fastq.gz
Erythroid_0hr.GSE142004.Mus_Musculus.H3K27ac.b2	SRR10690957_1.fastq.gz
Ramos.GSE179755.Homo_Sapiens.H3K27ac.b1	SRR15075154_1.fastq.gz
Ramos.GSE179755.Homo_Sapiens.H3K27ac.b1	SRR15075155_1.fastq.gz
STAG2-KO.GSE116495.Homo_Sapiens.SMC1A.b2	SRR13610658_1.fastq.gz
K562.GSE101498.Homo_Sapiens.H3K27ac.b1	SRR5831491_1.fastq.gz
Hippocampus.GSE147672.Homo_Sapiens.H3K27ac.b1	SRR11442592_1.fastq.gz
Hippocampus.GSE147672.Homo_Sapiens.H3K27ac.b1	SRR11442595_1.fastq.gz
Hippocampus.GSE147672.Homo_Sapiens.H3K27ac.b1	SRR11442588_1.fastq.gz
Hippocampus.GSE147672.Homo_Sapiens.H3K27ac.b1	SRR11442590_1.fastq.gz
Hippocampus.GSE147672.Homo_Sapiens.H3K27ac.b1	SRR11442591_1.fastq.gz
Hippocampus.GSE147672.Homo_Sapiens.H3K27ac.b1	SRR11442594_1.fastq.gz
Hippocampus.GSE147672.Homo_Sapiens.H3K27ac.b1	SRR11442589_1.fastq.gz
Hippocampus.GSE147672.Homo_Sapiens.H3K27ac.b1	SRR11442593_1.fastq.gz
mES_100k.GSE101498.Mus_Musculus.H3K27ac.b2	SRR5831486_1.fastq.gz
NF_4.GSE165303.Homo_Sapiens.H3K27ac.b1	SRR13505984_1.fastq.gz
NSD2-High-NTKO.GSE131651.Homo_Sapiens.CTCF.b3	SRR9109516_1.fastq.gz
NSD2-High-NTKO.GSE131651.Homo_Sapiens.CTCF.b3	SRR9109514_1.fastq.gz
NSD2-High-NTKO.GSE131651.Homo_Sapiens.CTCF.b3	SRR9109518_1.fastq.gz
NSD2-High-NTKO.GSE131651.Homo_Sapiens.CTCF.b3	SRR9109519_1.fastq.gz
NSD2-High-NTKO.GSE131651.Homo_Sapiens.CTCF.b3	SRR9109515_1.fastq.gz
NSD2-High-NTKO.GSE131651.Homo_Sapiens.CTCF.b3	SRR9109517_1.fastq.gz
H9.GSE105028.Homo_Sapiens.H3K4me1.b1	SRR6206810_1.fastq.gz
H9.GSE105028.Homo_Sapiens.H3K4me1.b1	SRR6206809_1.fastq.gz
Adult_CTX_VIPcre.GSE150536.Mus_Musculus.H3K27ac.b2	SRR11787756_1.fastq.gz
A673_WT.GSE133227.Homo_Sapiens.CTCF.b5	SRR9590202_1.fastq.gz
Kelly-Sens-50I.GSE126792.Homo_Sapiens.SMC1A.b2	SRR8594872_1.fastq.gz
THP1-125D.GSE188380.Homo_Sapiens.CTCF.b2	SRR16849267_1.fastq.gz
Primary-Foreskin-Keratinocytes-Day3.GSE158642.Homo_Sapiens.H3K27ac.b1	SRR12728609_1.fastq.gz
CAR-T-HA-D10.GSE168881.Homo_Sapiens.H3K27ac.b1	SRR13961073_1.fastq.gz
A673_SA2r.GSE133227.Homo_Sapiens.H3K27ac.b1	SRR9590193_1.fastq.gz
MCF7-Abemaciclib.GSE157381.Homo_Sapiens.H3K27ac.b1	SRR12576441_1.fastq.gz
CUTLL1.GSE115896.Homo_Sapiens.H3K27ac.b1	SRR9822272_1.fastq.gz
CUTLL1.GSE115896.Homo_Sapiens.H3K27ac.b1	SRR9822270_1.fastq.gz
CUTLL1.GSE115896.Homo_Sapiens.H3K27ac.b1	SRR9822271_1.fastq.gz
E14_mESC_RINGko_fl.GSE160656.Mus_Musculus.H3K4me3.b1	SRR12965880_1.fastq.gz
Treg_WT.GSE112176.Mus_Musculus.H3K27ac.b1	SRR6876290_1.fastq.gz
A673_SA1m1.GSE133227.Homo_Sapiens.CTCF.b2	SRR9590181_1.fastq.gz
Paraxial_Mesoderm_Precursors_D1.GSE126362.Mus_Musculus.Pax3.b2	SRR8556548_1.fastq.gz
E14_mESC_WT.GSE160656.Mus_Musculus.H3K27me3.b1	SRR12965872_1.fastq.gz
HCT116.GSE173699.Homo_Sapiens.H3K27ac.b1	SRR14335548_1.fastq.gz
HCT116.GSE173699.Homo_Sapiens.H3K27ac.b1	SRR14335549_1.fastq.gz
OCI-Ly7-Control.GSE183797.Homo_Sapiens.H3K27ac.b2	SRR15831065_1.fastq.gz
Adult_CTX_SSTcre.GSE150536.Mus_Musculus.H3K27ac.b1	SRR11787753_1.fastq.gz
AML12_shCtrl.GSE141113.Mus_Musculus.H3K9me3.b1	SRR10545049_1.fastq.gz
AML12_shCtrl.GSE141113.Mus_Musculus.H3K9me3.b1	SRR10545048_1.fastq.gz
THP-1-Vector.GSE149420.Homo_Sapiens.H3K27ac.b1	SRR14804047_1.fastq.gz
SUCCS1-siCTRL.GSE180194.Homo_Sapiens.H3K27ac.b1	SRR15163185_1.fastq.gz
Parietal-Lobe.GSE147672.Homo_Sapiens.H3K27ac.b2	SRR11442614_1.fastq.gz
Parietal-Lobe.GSE147672.Homo_Sapiens.H3K27ac.b2	SRR11442613_1.fastq.gz
Parietal-Lobe.GSE147672.Homo_Sapiens.H3K27ac.b2	SRR11442618_1.fastq.gz
Parietal-Lobe.GSE147672.Homo_Sapiens.H3K27ac.b2	SRR11442616_1.fastq.gz
Parietal-Lobe.GSE147672.Homo_Sapiens.H3K27ac.b2	SRR11442617_1.fastq.gz
Parietal-Lobe.GSE147672.Homo_Sapiens.H3K27ac.b2	SRR11442612_1.fastq.gz
Parietal-Lobe.GSE147672.Homo_Sapiens.H3K27ac.b2	SRR11442619_1.fastq.gz
Parietal-Lobe.GSE147672.Homo_Sapiens.H3K27ac.b2	SRR11442615_1.fastq.gz
mES_IAA_6h.GSE145793.Mus_Musculus.H3K27ac.b2	SRR11117728_1.fastq.gz
DCM_8.GSE165303.Homo_Sapiens.H3K27ac.b1	SRR13505998_1.fastq.gz
LS513.GSE136629.Homo_Sapiens.H3K27ac.b1	SRR10043496_1.fastq.gz
H146.GSE151001.Homo_Sapiens.H3K27ac.b1	SRR11826685_1.fastq.gz
NF_8.GSE165303.Homo_Sapiens.H3K27ac.b1	SRR13505988_1.fastq.gz
IMR90-Proliferating.GSE100856.Homo_Sapiens.CTCF.b1	SRR5808478_1.fastq.gz
Treg.GSE101498.Homo_Sapiens.H3K27ac.b3	SRR5831507_1.fastq.gz
NOD_CD4_CD8.GSE141847.Mus_Musculus.H3K27ac.b1	SRR10669680_1.fastq.gz
mES.GSE115524.Mus_Musculus.Oct4.b1	SRR7990660_1.fastq.gz
MB157-GSI.GSE116869.Homo_Sapiens.SMC1A.b1	SRR7505569_1.fastq.gz
HCT116.GSE136629.Homo_Sapiens.H3K27ac.b1	SRR10043495_1.fastq.gz
A673_SA2r.GSE133227.Homo_Sapiens.H3K27ac.b3	SRR9590195_1.fastq.gz
mESC_RYBP_KO.GSE147919.Mus_Musculus.CTCF.b2	SRR11465551_1.fastq.gz
mES.GSE80820.Mus_Musculus.Oct4.b1	SRR3928687_1.fastq.gz
mES.GSE80820.Mus_Musculus.Oct4.b1	SRR3928688_1.fastq.gz
TC71_WT.GSE133227.Homo_Sapiens.H3K27ac.b1	SRR9590218_1.fastq.gz
BCBL1.GSE136090.Homo_Sapiens.H3K27ac.b1	SRR10008149_1.fastq.gz
BCBL1.GSE136090.Homo_Sapiens.H3K27ac.b1	SRR10008150_1.fastq.gz
RERFLCAI.GSE166232.Homo_Sapiens.H3K27ac.b1	SRR13637945_1.fastq.gz
NF_3.GSE165303.Homo_Sapiens.H3K27ac.b1	SRR13505983_1.fastq.gz
NCC.GSE153884.Mus_Musculus.FGFR1.b1	SRR12158531_1.fastq.gz
Substantia-Nigra.GSE147672.Homo_Sapiens.H3K27ac.b2	SRR11442516_1.fastq.gz
Substantia-Nigra.GSE147672.Homo_Sapiens.H3K27ac.b2	SRR11442518_1.fastq.gz
Substantia-Nigra.GSE147672.Homo_Sapiens.H3K27ac.b2	SRR11442519_1.fastq.gz
Substantia-Nigra.GSE147672.Homo_Sapiens.H3K27ac.b2	SRR11442517_1.fastq.gz
E105_Whole_Brain.GSE160656.Mus_Musculus.H3K27ac.b2	SRR12965879_1.fastq.gz
MDA-MB-453-Abemaciclib.GSE157381.Homo_Sapiens.H3K27ac.b1	SRR12576439_1.fastq.gz
BL6_CD4_CD8.GSE141847.Mus_Musculus.H3K27ac.b1	SRR10669678_1.fastq.gz
HeLa-S3-shcontrol.GSE137849.Homo_Sapiens.CTCF.b1	SRR10163455_1.fastq.gz
PAEC-Control.GSE152900.Homo_Sapiens.H3K27ac.b1	SRR12071810_1.fastq.gz
mOPC_Ctrl.GSE166177.Mus_Musculus.H3K27ac.b2	SRR13631523_1.fastq.gz
Treg.GSE189442.Mus_Musculus.H3K27ac.b1	SRR17021167_1.fastq.gz
lgs000379.GSE116193.Homo_Sapiens.H3K27ac.b1	SRR7417508_1.fastq.gz
KBM7-MED14-dTAG_2h_dTAG7.GSE139466.Homo_Sapiens.H3K27ac.b1	SRR10354677_1.fastq.gz
KBM7-MED14-dTAG_2h_dTAG7.GSE139466.Homo_Sapiens.H3K27ac.b1	SRR10354678_1.fastq.gz
TKO_0H.GSE113339.Mus_Musculus.H3K27ac.b2	SRR8874673_1.fastq.gz
TKO_0H.GSE113339.Mus_Musculus.H3K27ac.b2	SRR8874674_1.fastq.gz
TT.GSE166232.Homo_Sapiens.H3K27ac.b1	SRR13637941_1.fastq.gz
TC71_WT.GSE133227.Homo_Sapiens.H3K27ac.b2	SRR9590219_1.fastq.gz
cbCD34+-HSPC-SJALL068279-D1.GSE165207.Homo_Sapiens.H3K27ac.b1	SRR13492040_1.fastq.gz
A673_SA2m1.GSE133227.Homo_Sapiens.CTCF.b1	SRR9590182_1.fastq.gz
Treg_MT.GSE112176.Mus_Musculus.H3K27ac.b2	SRR6876293_1.fastq.gz
mES_25m.GSE101498.Mus_Musculus.H3K27ac.b2	SRR5831481_1.fastq.gz
mES_25m.GSE101498.Mus_Musculus.H3K27ac.b2	SRR5831482_1.fastq.gz
A673_SA2r.GSE133227.Homo_Sapiens.CTCF.b1	SRR9590190_1.fastq.gz
Erythroid_0hr.GSE142004.Mus_Musculus.H3K27ac.b1	SRR10690955_1.fastq.gz
hCM-HAND1OE.GSE165303.Homo_Sapiens.H3K27ac.b1	SRR13506163_1.fastq.gz
mOPC_IFN.GSE166177.Mus_Musculus.H3K27ac.b2	SRR13631524_1.fastq.gz
dTAD_D1.GSE126362.Mus_Musculus.Lbd1.b2	SRR8556557_1.fastq.gz
PAEC-siRNA-KLF2-4.GSE152900.Homo_Sapiens.H3K27ac.b1	SRR18552249_1.fastq.gz
Primary-T-D0.GSE168881.Homo_Sapiens.H3K27ac.b2	SRR13961070_1.fastq.gz
H9-HS.GSE105028.Homo_Sapiens.H3K4me1.b1	SRR6206811_1.fastq.gz
H9-HS.GSE105028.Homo_Sapiens.H3K4me1.b1	SRR6206812_1.fastq.gz
MyLa.GSE151193.Homo_Sapiens.H3K27ac.b1	SRR11849620_1.fastq.gz
MyLa.GSE151193.Homo_Sapiens.H3K27ac.b1	SRR11849622_1.fastq.gz
MyLa.GSE151193.Homo_Sapiens.H3K27ac.b1	SRR11849621_1.fastq.gz
mES_500k.GSE101498.Mus_Musculus.H3K27ac.b2	SRR5831484_1.fastq.gz
CAR-T-CD19-D10.GSE168881.Homo_Sapiens.H3K27ac.b2	SRR13961072_1.fastq.gz
Rec1-GSI.GSE116875.Homo_Sapiens.SMC1A.b1	SRR7505647_1.fastq.gz
Naive_Tcells.GSE101498.Homo_Sapiens.CTCF.b2	SRR5831509_1.fastq.gz
E14_mESC_RINGko_fl.GSE160656.Mus_Musculus.H3K4me3.b2	SRR12965881_1.fastq.gz
Th17.GSE101498.Homo_Sapiens.H3K27ac.b3	SRR5831504_1.fastq.gz
mESC_TR.GSE99519.Mus_Musculus.H3K27ac.b2	SRR6010268_1.fastq.gz
Kelly-Res-shGFP.GSE126792.Homo_Sapiens.SMC1A.b3	SRR8594870_1.fastq.gz
mESC_TR.GSE99519.Mus_Musculus.H3K27ac.b1	SRR6010267_1.fastq.gz
293T-PDS.GSE128106.Homo_Sapiens.YY1.b1	SRR8707618_1.fastq.gz
293T-PDS.GSE128106.Homo_Sapiens.YY1.b1	SRR8707617_1.fastq.gz
DTC1-WT.GSE180194.Homo_Sapiens.H3K27ac.b1	SRR15163183_1.fastq.gz
MDA-MB-231-sgRNA-Ctrl.GSE97585.Homo_Sapiens.H3K27ac.b1	SRR5442303_1.fastq.gz
lgs102943.GSE116193.Homo_Sapiens.CTCF.b1	SRR7417517_1.fastq.gz
TKO_24H.GSE113339.Mus_Musculus.H3K27ac.b1	SRR8874678_1.fastq.gz
TKO_24H.GSE113339.Mus_Musculus.H3K27ac.b1	SRR8874677_1.fastq.gz
Primary-T-D0.GSE168881.Homo_Sapiens.H3K27ac.b1	SRR13961069_1.fastq.gz
hESC-p63GOF-D0.GSE120294.Homo_Sapiens.SMC1A.b3	SRR7888978_1.fastq.gz
hESC-p63GOF-D0.GSE120294.Homo_Sapiens.SMC1A.b3	SRR7888977_1.fastq.gz
MEF_B6_90m.GSE193079.Mus_Musculus.H3K27ac.b1	SRR17446919_1.fastq.gz
lgs301283.GSE116193.Homo_Sapiens.H3K27ac.b1	SRR7417513_1.fastq.gz
Hela-S3-Control.GSE108869.Homo_Sapiens.CTCF.b2	SRR6657727_1.fastq.gz
THP-1-Vector-Batch1.GSE149420.Homo_Sapiens.H3K4me3.b1	SRR14804034_1.fastq.gz
THP-1-Vector-Batch1.GSE149420.Homo_Sapiens.H3K4me3.b1	SRR14804035_1.fastq.gz
A673_SA2m1.GSE133227.Homo_Sapiens.H3K27ac.b2	SRR9590188_1.fastq.gz
mES.GSE80820.Mus_Musculus.Oct4.b2	SRR3928690_1.fastq.gz
mES.GSE80820.Mus_Musculus.Oct4.b2	SRR3928689_1.fastq.gz
H9.GSE105028.Homo_Sapiens.CTCF.b1	SRR6206795_1.fastq.gz
H9.GSE105028.Homo_Sapiens.CTCF.b1	SRR6206794_1.fastq.gz
H9.GSE105028.Homo_Sapiens.CTCF.b1	SRR6206793_1.fastq.gz
Superior-and-Middle-Temporal-Gyri.GSE147672.Homo_Sapiens.H3K27ac.b2	SRR11442632_1.fastq.gz
Superior-and-Middle-Temporal-Gyri.GSE147672.Homo_Sapiens.H3K27ac.b2	SRR11442635_1.fastq.gz
Superior-and-Middle-Temporal-Gyri.GSE147672.Homo_Sapiens.H3K27ac.b2	SRR11442628_1.fastq.gz
Superior-and-Middle-Temporal-Gyri.GSE147672.Homo_Sapiens.H3K27ac.b2	SRR11442630_1.fastq.gz
Superior-and-Middle-Temporal-Gyri.GSE147672.Homo_Sapiens.H3K27ac.b2	SRR11442631_1.fastq.gz
Superior-and-Middle-Temporal-Gyri.GSE147672.Homo_Sapiens.H3K27ac.b2	SRR11442634_1.fastq.gz
Superior-and-Middle-Temporal-Gyri.GSE147672.Homo_Sapiens.H3K27ac.b2	SRR11442629_1.fastq.gz
Superior-and-Middle-Temporal-Gyri.GSE147672.Homo_Sapiens.H3K27ac.b2	SRR11442633_1.fastq.gz
Retina.GSE196235.Homo_Sapiens.H3K27ac.b1	SRR17909510_1.fastq.gz
DCM_1.GSE165303.Homo_Sapiens.H3K27ac.b1	SRR13505991_1.fastq.gz
Kelly-Res-shGFP.GSE126792.Homo_Sapiens.SMC1A.b2	SRR8594869_1.fastq.gz
A673_WT.GSE133227.Homo_Sapiens.CTCF.b4	SRR9590201_1.fastq.gz
PAEC-siRNA-Ctrl.GSE152900.Homo_Sapiens.H3K27ac.b1	SRR18552251_1.fastq.gz
ES.GSE113339.Mus_Musculus.H3K27ac.b1	SRR7030462_1.fastq.gz
ES.GSE113339.Mus_Musculus.H3K27ac.b1	SRR7030463_1.fastq.gz
MEF_B6_0m.GSE193079.Mus_Musculus.H3K27ac.b3	SRR17446920_1.fastq.gz
KYSE140_ARV2hrs.GSE166232.Homo_Sapiens.H3K27ac.b1	SRR13637948_1.fastq.gz
KYSE140_ARV2hrs.GSE166232.Homo_Sapiens.H3K27ac.b1	SRR13637949_1.fastq.gz
Erythroid_0hr.GSE142004.Mus_Musculus.YY1.b1	SRR10690959_1.fastq.gz
SEC-p63KO-D7.GSE120294.Homo_Sapiens.SMC1A.b3	SRR7888996_1.fastq.gz
SEC-p63KO-D7.GSE120294.Homo_Sapiens.SMC1A.b3	SRR7888995_1.fastq.gz
hESC-WT.GSE181971.Homo_Sapiens.SMC1A.b3	SRR15425308_1.fastq.gz
BC3.GSE136090.Homo_Sapiens.H3K27ac.b1	SRR10008147_1.fastq.gz
BC3.GSE136090.Homo_Sapiens.H3K27ac.b1	SRR10008148_1.fastq.gz
OCI-AML3-WT.GSE111537.Homo_Sapiens.CTCF.b1	SRR6815425_1.fastq.gz
TKO_0H.GSE113339.Mus_Musculus.H3K27ac.b1	SRR8874671_1.fastq.gz
TKO_0H.GSE113339.Mus_Musculus.H3K27ac.b1	SRR8874672_1.fastq.gz
Primary-Foreskin-Keratinocytes-Day0.GSE158642.Homo_Sapiens.H3K27ac.b1	SRR12728607_1.fastq.gz
Parietal-Lobe.GSE147672.Homo_Sapiens.H3K27ac.b1	SRR11442605_1.fastq.gz
Parietal-Lobe.GSE147672.Homo_Sapiens.H3K27ac.b1	SRR11442609_1.fastq.gz
Parietal-Lobe.GSE147672.Homo_Sapiens.H3K27ac.b1	SRR11442611_1.fastq.gz
Parietal-Lobe.GSE147672.Homo_Sapiens.H3K27ac.b1	SRR11442607_1.fastq.gz
Parietal-Lobe.GSE147672.Homo_Sapiens.H3K27ac.b1	SRR11442610_1.fastq.gz
Parietal-Lobe.GSE147672.Homo_Sapiens.H3K27ac.b1	SRR11442606_1.fastq.gz
Parietal-Lobe.GSE147672.Homo_Sapiens.H3K27ac.b1	SRR11442608_1.fastq.gz
Parietal-Lobe.GSE147672.Homo_Sapiens.H3K27ac.b1	SRR11442604_1.fastq.gz
GM12878.GSE101498.Homo_Sapiens.H3K27ac.b2	SRR5831490_1.fastq.gz
A673-siCT-Dh1-72h-D347-D362.GSE156650.Homo_Sapiens.CTCF.b1	SRR12492726_1.fastq.gz
A673-siCT-Dh1-72h-D347-D362.GSE156650.Homo_Sapiens.CTCF.b1	SRR12492723_1.fastq.gz
A673-siCT-Dh1-72h-D347-D362.GSE156650.Homo_Sapiens.CTCF.b1	SRR12492724_1.fastq.gz
A673-siCT-Dh1-72h-D347-D362.GSE156650.Homo_Sapiens.CTCF.b1	SRR12492727_1.fastq.gz
Myogenic_Progenitors_D6.GSE126362.Mus_Musculus.Pax3.b1	SRR8556549_1.fastq.gz
Adult_CTX_SSTcre.GSE150536.Mus_Musculus.H3K27ac.b2	SRR11787754_1.fastq.gz
mESC_UT.GSE99519.Mus_Musculus.H3K27ac.b3	SRR6010266_1.fastq.gz
THP-1-del-TRP-Batch2.GSE149420.Homo_Sapiens.H3K4me3.b1	SRR14804046_1.fastq.gz
THP1-125D.GSE188380.Homo_Sapiens.CTCF.b3	SRR16849268_1.fastq.gz
D6.GSE113339.Mus_Musculus.KLF4.b4	SRR7030460_1.fastq.gz
D6.GSE113339.Mus_Musculus.KLF4.b4	SRR7030461_1.fastq.gz
NCC.GSE153884.Mus_Musculus.CTCF.b2	SRR12158534_1.fastq.gz
H1105.GSE151001.Homo_Sapiens.H3K27ac.b1	SRR11826684_1.fastq.gz
SKMES1_sg_NC1.GSE166232.Homo_Sapiens.H3K27ac.b1	SRR13637950_1.fastq.gz
SKMES1_sg_NC1.GSE166232.Homo_Sapiens.H3K27ac.b1	SRR13637951_1.fastq.gz
Mesoderm_NoDox.GSE126362.Mus_Musculus.Pax3.b1	SRR8556546_1.fastq.gz
ES.GSE113339.Mus_Musculus.KLF4.b4	SRR7030450_1.fastq.gz
ES.GSE113339.Mus_Musculus.KLF4.b4	SRR7030449_1.fastq.gz
mES_25m.GSE101498.Mus_Musculus.H3K27ac.b1	SRR5831480_1.fastq.gz
mES_25m.GSE101498.Mus_Musculus.H3K27ac.b1	SRR5831479_1.fastq.gz
EBNA2_Plus_Ramos.GSE179755.Homo_Sapiens.H3K27ac.b1	SRR15075156_1.fastq.gz
EBNA2_Plus_Ramos.GSE179755.Homo_Sapiens.H3K27ac.b1	SRR15075157_1.fastq.gz
A673_SA2r.GSE133227.Homo_Sapiens.H3K27ac.b2	SRR9590194_1.fastq.gz
A673_SA2m1.GSE133227.Homo_Sapiens.CTCF.b2	SRR9590183_1.fastq.gz
CTL.GSE117888.Homo_Sapiens.H3K27ac.b2	SRR8103823_1.fastq.gz
PAEC-Control.GSE152900.Homo_Sapiens.H3K27ac.b3	SRR12071812_1.fastq.gz
H9-HS.GSE105028.Homo_Sapiens.Rad21.b1	SRR6206789_1.fastq.gz
H9-HS.GSE105028.Homo_Sapiens.Rad21.b1	SRR6206787_1.fastq.gz
H9-HS.GSE105028.Homo_Sapiens.Rad21.b1	SRR6206790_1.fastq.gz
H9-HS.GSE105028.Homo_Sapiens.Rad21.b1	SRR6206788_1.fastq.gz
Primary-Foreskin-Keratinocytes-Day6.GSE158642.Homo_Sapiens.H3K27ac.b2	SRR12728612_1.fastq.gz
mES.GSE80820.Mus_Musculus.SMC1A.b2	SRR3467181_1.fastq.gz
mES.GSE80820.Mus_Musculus.SMC1A.b2	SRR3467182_1.fastq.gz
mESC_WT.GSE147919.Mus_Musculus.RYBP.b2	SRR11465546_1.fastq.gz
mESC_WT.GSE147919.Mus_Musculus.RYBP.b2	SRR11465547_1.fastq.gz
H9-HS.GSE105028.Homo_Sapiens.NANOG.b1	SRR6206804_1.fastq.gz
H9-HS.GSE105028.Homo_Sapiens.NANOG.b1	SRR6206805_1.fastq.gz
shCtrl_D6.GSE126362.Mus_Musculus.Pax3.b1	SRR8556551_1.fastq.gz
GM12878.GSE115524.Homo_Sapiens.CTCF.b2	SRR7990657_1.fastq.gz
3134_siNIPBL_1hr_Dex.GSE162617.Mus_Musculus.GR.b1	SRR13192950_1.fastq.gz
Tconv.GSE189442.Mus_Musculus.H3K27ac.b1	SRR17021169_1.fastq.gz
lgs101645.GSE116193.Homo_Sapiens.H3K27ac.b1	SRR7417509_1.fastq.gz
DND41-Resistant.GSE173871.Homo_Sapiens.SMC1A.b2	SRR14423665_1.fastq.gz
dTAD_NoDox.GSE126362.Mus_Musculus.Lbd1.b1	SRR8556555_1.fastq.gz
Jurkat.GSE99519.Homo_Sapiens.YY1.b1	SRR6010260_1.fastq.gz
Jurkat.GSE99519.Homo_Sapiens.YY1.b1	SRR6010261_1.fastq.gz
TC71_SA2m2.GSE133227.Homo_Sapiens.CTCF.b1	SRR9590212_1.fastq.gz
3T3.GSE192387.Mus_Musculus.CTCF.b1	SRR17296610_1.fastq.gz
Kelly-Sens-50I.GSE126792.Homo_Sapiens.SMC1A.b1	SRR8594871_1.fastq.gz
mESC_Degraded.GSE99519.Mus_Musculus.H3K27ac.b2	SRR5634337_1.fastq.gz
mESC_Degraded.GSE99519.Mus_Musculus.H3K27ac.b2	SRR5634339_1.fastq.gz
mESC_Degraded.GSE99519.Mus_Musculus.H3K27ac.b2	SRR5634338_1.fastq.gz
SW620.GSE136629.Homo_Sapiens.H3K27ac.b1	SRR10043498_1.fastq.gz
VCaP-DMSO-4h.GSE171591.Homo_Sapiens.H3K27ac.b1	SRR14159850_1.fastq.gz
D3.GSE113339.Mus_Musculus.KLF4.b1	SRR7030451_1.fastq.gz
hCM-Ctrl.GSE165303.Homo_Sapiens.H3K27ac.b1	SRR13506162_1.fastq.gz
Naive_Tcells.GSE101498.Homo_Sapiens.CTCF.b1	SRR5831508_1.fastq.gz
T47D-T0.GSE179666.Homo_Sapiens.PR.b1	SRR15064552_1.fastq.gz
D6.GSE113339.Mus_Musculus.KLF4.b2	SRR7030456_1.fastq.gz
D6.GSE113339.Mus_Musculus.KLF4.b2	SRR7030457_1.fastq.gz
SHP77.GSE151001.Homo_Sapiens.H3K27ac.b1	SRR11826695_1.fastq.gz
PAEC-LSS.GSE152900.Homo_Sapiens.H3K27ac.b1	SRR12071807_1.fastq.gz
HCT116.GSE92881.Homo_Sapiens.SMC1.b1	SRR6855536_1.fastq.gz
Crypt_Hnf4DKO.GSE148691.Mus_Musculus.H3K4me3.b1	SRR11548374_1.fastq.gz
Crypt_Hnf4DKO.GSE148691.Mus_Musculus.H3K4me3.b1	SRR11548375_1.fastq.gz
NIH3T3.GSE135296.Mus_Musculus.H3K27ac.b2	SRR9889946_1.fastq.gz
THP-1-WT-Batch1.GSE149420.Homo_Sapiens.H3K4me3.b1	SRR14804037_1.fastq.gz
THP-1-WT-Batch1.GSE149420.Homo_Sapiens.H3K4me3.b1	SRR14804036_1.fastq.gz
NOD_CD4_CD8.GSE141847.Mus_Musculus.H3K27ac.b2	SRR10669681_1.fastq.gz
Rec1-WT.GSE116875.Homo_Sapiens.SMC1A.b1	SRR7505646_1.fastq.gz
DND41-DMSO.GSE173871.Homo_Sapiens.SMC1A.b2	SRR14423663_1.fastq.gz
AML12_shSafb.GSE141113.Mus_Musculus.H3K9me3.b1	SRR10545052_1.fastq.gz
AML12_shSafb.GSE141113.Mus_Musculus.H3K9me3.b1	SRR10545053_1.fastq.gz
NSD2-High-NTKO.GSE131651.Homo_Sapiens.CTCF.b1	SRR9109506_1.fastq.gz
NSD2-High-NTKO.GSE131651.Homo_Sapiens.CTCF.b1	SRR9109504_1.fastq.gz
NSD2-High-NTKO.GSE131651.Homo_Sapiens.CTCF.b1	SRR9109503_1.fastq.gz
NSD2-High-NTKO.GSE131651.Homo_Sapiens.CTCF.b1	SRR9109502_1.fastq.gz
NSD2-High-NTKO.GSE131651.Homo_Sapiens.CTCF.b1	SRR9109505_1.fastq.gz
NSD2-High-NTKO.GSE131651.Homo_Sapiens.CTCF.b1	SRR9109507_1.fastq.gz
MEF.GSE113339.Mus_Musculus.H3K27ac.b1	SRR7030467_1.fastq.gz
H2171.GSE151001.Homo_Sapiens.H3K27ac.b1	SRR11826691_1.fastq.gz
hESC-AHDC1-GIBBIN-KO.GSE181971.Homo_Sapiens.SMC1A.b3	SRR15425305_1.fastq.gz
DCM_4.GSE165303.Homo_Sapiens.H3K27ac.b1	SRR13505994_1.fastq.gz
BL6_CD4_CD8.GSE141847.Mus_Musculus.H3K27ac.b2	SRR10669679_1.fastq.gz
H446.GSE151001.Homo_Sapiens.H3K27ac.b1	SRR11826692_1.fastq.gz
HUVEC-Proliferating.GSE100856.Homo_Sapiens.CTCF.b1	SRR6496514_1.fastq.gz
HaCaT-Unstimulated.GSE137906.Homo_Sapiens.H3K27ac.b1	SRR10168921_1.fastq.gz
cbCD34+-HSPC-SJMPAL011914-D1.GSE165207.Homo_Sapiens.H3K27ac.b1	SRR13492042_1.fastq.gz
BMDM_EPSWT.GSE115524.Mus_Musculus.H3K4me3.b2	SRR7281299_1.fastq.gz
HCC15.GSE166232.Homo_Sapiens.H3K27ac.b1	SRR13637944_1.fastq.gz
MLL_AF9_LSD1i.GSE110898.Mus_Musculus.H3K27ac.b1	SRR6756805_1.fastq.gz
JHUEM-14.GSE137936.Homo_Sapiens.H3K27ac.b1	SRR10175017_1.fastq.gz
EryP.GSE112717.Mus_Musculus.Gata1.b2	SRR9592214_1.fastq.gz
E14_mESC_WT.GSE160656.Mus_Musculus.H3K4me3.b2	SRR12965875_1.fastq.gz
BL6_CD4_CD8.GSE141847.Mus_Musculus.SMC1A.b2	SRR10669674_1.fastq.gz
BL6_CD4_CD8.GSE141847.Mus_Musculus.SMC1A.b2	SRR10669673_1.fastq.gz
HaCaT_Unstimulated.GSE151193.Homo_Sapiens.H3K27ac.b1	SRR11849618_1.fastq.gz
HaCaT_Unstimulated.GSE151193.Homo_Sapiens.H3K27ac.b1	SRR11849619_1.fastq.gz
DND41-DMSO.GSE173871.Homo_Sapiens.SMC1A.b1	SRR14423662_1.fastq.gz
MB157-WO.GSE116869.Homo_Sapiens.SMC1A.b1	SRR7505570_1.fastq.gz
hESC-AHDC1-GIBBIN-KO.GSE181971.Homo_Sapiens.SMC1A.b2	SRR15425304_1.fastq.gz
mES_IAA_6h.GSE145793.Mus_Musculus.H3K27ac.b1	SRR11117729_1.fastq.gz
A673_SA2r.GSE133227.Homo_Sapiens.H3K27ac.b4	SRR9590196_1.fastq.gz
3T3_Irf4_Runx3_Tbet.GSE192387.Mus_Musculus.BATF.b1	SRR17296609_1.fastq.gz
TKO_24H.GSE113339.Mus_Musculus.H3K27ac.b2	SRR8874680_1.fastq.gz
TKO_24H.GSE113339.Mus_Musculus.H3K27ac.b2	SRR8874679_1.fastq.gz
AML12_shCtrl.GSE141113.Mus_Musculus.H3K9me3.b2	SRR10545051_1.fastq.gz
AML12_shCtrl.GSE141113.Mus_Musculus.H3K9me3.b2	SRR10545050_1.fastq.gz
293T.GSE128106.Homo_Sapiens.YY1.b1	SRR8707615_1.fastq.gz
293T.GSE128106.Homo_Sapiens.YY1.b1	SRR8707614_1.fastq.gz
293T.GSE128106.Homo_Sapiens.YY1.b1	SRR8707613_1.fastq.gz
293T.GSE128106.Homo_Sapiens.YY1.b1	SRR8707616_1.fastq.gz
TC71_WT.GSE133227.Homo_Sapiens.CTCF.b2	SRR9590217_1.fastq.gz
TC71_SA2m2.GSE133227.Homo_Sapiens.H3K27ac.b1	SRR9590214_1.fastq.gz
F1_CD4_CD8.GSE141847.Mus_Musculus.SMC1A.b1	SRR10669677_1.fastq.gz
BMDM_EPSKO.GSE115524.Mus_Musculus.H3K4me3.b1	SRR7281300_1.fastq.gz
CORL88.GSE151001.Homo_Sapiens.H3K27ac.b1	SRR11826682_1.fastq.gz
THP-1-WT-Batch2.GSE149420.Homo_Sapiens.H3K4me3.b1	SRR14804043_1.fastq.gz
MyLa.GSE137906.Homo_Sapiens.H3K27ac.b1	SRR10168922_1.fastq.gz
MyLa.GSE137906.Homo_Sapiens.H3K27ac.b1	SRR10168923_1.fastq.gz
PAEC-LSS.GSE152900.Homo_Sapiens.H3K27ac.b3	SRR12071809_1.fastq.gz
H9.GSE105028.Homo_Sapiens.NANOG.b1	SRR6206803_1.fastq.gz
H9.GSE105028.Homo_Sapiens.NANOG.b1	SRR6206802_1.fastq.gz
BMDM_Basal.GSE159629.Mus_Musculus.H3K4me3.b1	SRR12844351_1.fastq.gz
BMDM_EPSKO.GSE115524.Mus_Musculus.SMC1A.b2	SRR7281305_1.fastq.gz
Kelly-Res-50I.GSE126792.Homo_Sapiens.SMC1A.b3	SRR8594864_1.fastq.gz
Jurkat.GSE165207.Homo_Sapiens.H3K27ac.b1	SRR13492049_1.fastq.gz
Jurkat.GSE165207.Homo_Sapiens.H3K27ac.b1	SRR13492050_1.fastq.gz
Treg.GSE189442.Mus_Musculus.H3K27ac.b2	SRR17021168_1.fastq.gz
Treg_WTGFP.GSE189442.Mus_Musculus.H3K27ac.b1	SRR17021171_1.fastq.gz
TC71_SA2m2.GSE133227.Homo_Sapiens.H3K27ac.b2	SRR9590215_1.fastq.gz
D6.GSE113339.Mus_Musculus.KLF4.b3	SRR7030459_1.fastq.gz
D6.GSE113339.Mus_Musculus.KLF4.b3	SRR7030458_1.fastq.gz
ESC.GSE153884.Mus_Musculus.CTCF.b2	SRR12158528_1.fastq.gz
Treg.GSE189442.Mus_Musculus.IgG.b1	SRR17021179_1.fastq.gz
A673_WT.GSE133227.Homo_Sapiens.CTCF.b3	SRR9590200_1.fastq.gz
KYSE140.GSE166232.Homo_Sapiens.H3K27ac.b1	SRR13637938_1.fastq.gz
KYSE140.GSE166232.Homo_Sapiens.H3K27ac.b1	SRR13637939_1.fastq.gz
SUCCS1-siEA.GSE180194.Homo_Sapiens.H3K27ac.b1	SRR15163186_1.fastq.gz
hiPSC-CM-WT.GSE111930.Homo_Sapiens.H3K27ac.b1	SRR8668926_1.fastq.gz
Kelly-Res-shBORIS.GSE126792.Homo_Sapiens.SMC1A.b3	SRR8594867_1.fastq.gz
P14_CD8.GSE192387.Mus_Musculus.CTCF.b1	SRR17296606_1.fastq.gz
KBM7-MED14-dTAG_2h_dTAG7.GSE139466.Homo_Sapiens.H3K27ac.b2	SRR10354680_1.fastq.gz
KBM7-MED14-dTAG_2h_dTAG7.GSE139466.Homo_Sapiens.H3K27ac.b2	SRR10354679_1.fastq.gz
MLL_AF9.GSE110898.Mus_Musculus.H3K27ac.b1	SRR6756804_1.fastq.gz
EryP.GSE112717.Mus_Musculus.Gata1.b1	SRR9592213_1.fastq.gz
Superior-and-Middle-Temporal-Gyri.GSE147672.Homo_Sapiens.H3K27ac.b1	SRR11442626_1.fastq.gz
Superior-and-Middle-Temporal-Gyri.GSE147672.Homo_Sapiens.H3K27ac.b1	SRR11442621_1.fastq.gz
Superior-and-Middle-Temporal-Gyri.GSE147672.Homo_Sapiens.H3K27ac.b1	SRR11442624_1.fastq.gz
Superior-and-Middle-Temporal-Gyri.GSE147672.Homo_Sapiens.H3K27ac.b1	SRR11442623_1.fastq.gz
Superior-and-Middle-Temporal-Gyri.GSE147672.Homo_Sapiens.H3K27ac.b1	SRR11442622_1.fastq.gz
Superior-and-Middle-Temporal-Gyri.GSE147672.Homo_Sapiens.H3K27ac.b1	SRR11442625_1.fastq.gz
Superior-and-Middle-Temporal-Gyri.GSE147672.Homo_Sapiens.H3K27ac.b1	SRR11442620_1.fastq.gz
Superior-and-Middle-Temporal-Gyri.GSE147672.Homo_Sapiens.H3K27ac.b1	SRR11442627_1.fastq.gz
M14-WT.GSE156772.Homo_Sapiens.H3K27ac.b1	SRR12508303_1.fastq.gz
KBM7-MED14-dTAG_2h_DMSO.GSE139466.Homo_Sapiens.H3K27ac.b2	SRR10354676_1.fastq.gz
KBM7-MED14-dTAG_2h_DMSO.GSE139466.Homo_Sapiens.H3K27ac.b2	SRR10354675_1.fastq.gz
THP-1-eIFIDR.GSE149420.Homo_Sapiens.H3K27ac.b1	SRR14804050_1.fastq.gz
HCT116-AuxinNeg.GSE179544.Homo_Sapiens.RNA-Pol-II.b1	SRR15050698_1.fastq.gz
HCT116-AuxinNeg.GSE179544.Homo_Sapiens.RNA-Pol-II.b1	SRR15050696_1.fastq.gz
hESC-p63GOF-D0.GSE120294.Homo_Sapiens.SMC1A.b1	SRR7888973_1.fastq.gz
hESC-p63GOF-D0.GSE120294.Homo_Sapiens.SMC1A.b1	SRR7888974_1.fastq.gz
VCaP-DMSO-4h.GSE171591.Homo_Sapiens.H3K4me3.b1	SRR14159848_1.fastq.gz
Hela-S3-OE.GSE108869.Homo_Sapiens.CTCF.b1	SRR6657728_1.fastq.gz
A673_SA2r.GSE133227.Homo_Sapiens.CTCF.b3	SRR9590192_1.fastq.gz
lgs102580.GSE116193.Homo_Sapiens.CTCF.b1	SRR7417516_1.fastq.gz
KYSE70.GSE166232.Homo_Sapiens.H3K27ac.b1	SRR13637940_1.fastq.gz
VCaP-AU-4h.GSE171591.Homo_Sapiens.H3K4me4.b1	SRR14159849_1.fastq.gz
lgs101645.GSE116193.Homo_Sapiens.CTCF.b1	SRR7417515_1.fastq.gz
Paraxial_Mesoderm_Precursors_D1.GSE126362.Mus_Musculus.Pax3.b1	SRR8556547_1.fastq.gz
MEF.GSE113339.Mus_Musculus.H3K27ac.b2	SRR7030468_1.fastq.gz
H9-HS.GSE105028.Homo_Sapiens.KLF4.b1	SRR6206808_1.fastq.gz
DCM_9.GSE165303.Homo_Sapiens.H3K27ac.b1	SRR13505999_1.fastq.gz
STAG2-KO.GSE116495.Homo_Sapiens.SMC1A.b1	SRR13610657_1.fastq.gz
iPSC-WT.GSE150906.Homo_Sapiens.H3K27me3.b1	SRR11816734_1.fastq.gz
iPSC-WT.GSE150906.Homo_Sapiens.H3K27me3.b1	SRR11816735_1.fastq.gz
HaCaT-Stimulated.GSE137906.Homo_Sapiens.H3K27ac.b1	SRR10168920_1.fastq.gz
Erythroid_1hr.GSE142004.Mus_Musculus.H3K27ac.b2	SRR10690958_1.fastq.gz
BMDM_24hIL4.GSE159629.Mus_Musculus.H3K4me3.b2	SRR12844354_1.fastq.gz
mES_Untreated.GSE145793.Mus_Musculus.H3K27ac.b1	SRR11117731_1.fastq.gz
HCASMC.GSE101498.Homo_Sapiens.H3K27ac.b1	SRR5831512_1.fastq.gz
HCASMC.GSE101498.Homo_Sapiens.H3K27ac.b1	SRR5831510_1.fastq.gz
HCASMC.GSE101498.Homo_Sapiens.H3K27ac.b1	SRR5831511_1.fastq.gz
HEC-1-B-eRNA-LNA.GSE148958.Homo_Sapiens.V5.b1	SRR15569145_1.fastq.gz
BMDM_24hIL4.GSE159629.Mus_Musculus.H3K4me3.b1	SRR12844353_1.fastq.gz
H9-HS.GSE105028.Homo_Sapiens.OCT4.b1	SRR6206801_1.fastq.gz
H9-HS.GSE105028.Homo_Sapiens.OCT4.b1	SRR6206800_1.fastq.gz
Treg_KOGFP.GSE189442.Mus_Musculus.H3K27ac.b1	SRR17021173_1.fastq.gz
Kelly-Res-shBORIS.GSE126792.Homo_Sapiens.SMC1A.b2	SRR8594866_1.fastq.gz
iPSC-MUT.GSE150906.Homo_Sapiens.H3K27me3.b1	SRR11816737_1.fastq.gz
iPSC-MUT.GSE150906.Homo_Sapiens.H3K27me3.b1	SRR11816736_1.fastq.gz
hESC-WT-D0.GSE120294.Homo_Sapiens.SMC1A.b2	SRR7888966_1.fastq.gz
hESC-WT-D0.GSE120294.Homo_Sapiens.SMC1A.b2	SRR7888968_1.fastq.gz
hESC-WT-D0.GSE120294.Homo_Sapiens.SMC1A.b2	SRR7888965_1.fastq.gz
hESC-WT-D0.GSE120294.Homo_Sapiens.SMC1A.b2	SRR7888967_1.fastq.gz
A673-siCT-Dh1-72h-D347-D362.GSE156650.Homo_Sapiens.CTCF.b2	SRR12492728_1.fastq.gz
A673-siCT-Dh1-72h-D347-D362.GSE156650.Homo_Sapiens.CTCF.b2	SRR12492725_1.fastq.gz
DCM_3.GSE165303.Homo_Sapiens.H3K27ac.b1	SRR13505993_1.fastq.gz
3T3_Norm.GSE178344.Mus_Musculus.SMC1A.b1	SRR14850834_1.fastq.gz
TC71_WT.GSE133227.Homo_Sapiens.CTCF.b1	SRR9590216_1.fastq.gz
Caudate.GSE147672.Homo_Sapiens.H3K27ac.b2	SRR11442533_1.fastq.gz
Caudate.GSE147672.Homo_Sapiens.H3K27ac.b2	SRR11442586_1.fastq.gz
Caudate.GSE147672.Homo_Sapiens.H3K27ac.b2	SRR11442534_1.fastq.gz
Caudate.GSE147672.Homo_Sapiens.H3K27ac.b2	SRR11442584_1.fastq.gz
Caudate.GSE147672.Homo_Sapiens.H3K27ac.b2	SRR11442585_1.fastq.gz
Caudate.GSE147672.Homo_Sapiens.H3K27ac.b2	SRR11442587_1.fastq.gz
Caudate.GSE147672.Homo_Sapiens.H3K27ac.b2	SRR11442535_1.fastq.gz
Caudate.GSE147672.Homo_Sapiens.H3K27ac.b2	SRR11442532_1.fastq.gz
E14_mESC_EEDko.GSE160656.Mus_Musculus.H3K4me3.b1	SRR12965876_1.fastq.gz
Kelly-Res-50I.GSE126792.Homo_Sapiens.SMC1A.b2	SRR8594863_1.fastq.gz
mESC_WT.GSE99519.Mus_Musculus.H3K27ac.b3	SRR5634332_1.fastq.gz
mESC_WT.GSE99519.Mus_Musculus.H3K27ac.b3	SRR5634331_1.fastq.gz
mESC_WT.GSE99519.Mus_Musculus.H3K27ac.b3	SRR5634333_1.fastq.gz
Kelly-Res-shGFP.GSE126792.Homo_Sapiens.SMC1A.b1	SRR8594868_1.fastq.gz
BMDM_EPSWT.GSE115524.Mus_Musculus.SMC1A.b2	SRR7281303_1.fastq.gz
AML12_shSafb.GSE141113.Mus_Musculus.H3K9me3.b2	SRR10545055_1.fastq.gz
AML12_shSafb.GSE141113.Mus_Musculus.H3K9me3.b2	SRR10545054_1.fastq.gz
E105_Whole_Brain.GSE160656.Mus_Musculus.H3K27ac.b1	SRR12965878_1.fastq.gz
Hela-S3-OE.GSE108869.Homo_Sapiens.CTCF.b2	SRR6657729_1.fastq.gz
ES.GSE113339.Mus_Musculus.KLF4.b1	SRR7030444_1.fastq.gz
ES.GSE113339.Mus_Musculus.KLF4.b1	SRR7030443_1.fastq.gz
MEF_B6_90m.GSE193079.Mus_Musculus.H3K27ac.b2	SRR17446918_1.fastq.gz
MDA-MB-231-PVT1sgRNAR2.GSE97585.Homo_Sapiens.H3K27ac.b2	SRR5442308_1.fastq.gz
M14-STAG2-KD.GSE156772.Homo_Sapiens.H3K27ac.b2	SRR12508306_1.fastq.gz
DND41-Resistant.GSE173871.Homo_Sapiens.SMC1A.b1	SRR14423664_1.fastq.gz
VCAP-DHT-24hr.GSE157107.Homo_Sapiens.H3K27ac.b1	SRR12643180_1.fastq.gz
NSD2-Low-TKO.GSE131651.Homo_Sapiens.CTCF.b1	SRR9109520_1.fastq.gz
NSD2-Low-TKO.GSE131651.Homo_Sapiens.CTCF.b1	SRR9109525_1.fastq.gz
NSD2-Low-TKO.GSE131651.Homo_Sapiens.CTCF.b1	SRR9109522_1.fastq.gz
NSD2-Low-TKO.GSE131651.Homo_Sapiens.CTCF.b1	SRR9109523_1.fastq.gz
NSD2-Low-TKO.GSE131651.Homo_Sapiens.CTCF.b1	SRR9109524_1.fastq.gz
NSD2-Low-TKO.GSE131651.Homo_Sapiens.CTCF.b1	SRR9109521_1.fastq.gz
VCAP-DHT-2hr.GSE157107.Homo_Sapiens.H3K27ac.b1	SRR12643179_1.fastq.gz
H9-HS-KI.GSE105028.Homo_Sapiens.Rad21.b1	SRR6206792_1.fastq.gz
Cardiac_Embryo_WT.GSE121671.Mus_Musculus.SMC1A.b1	SRR8181443_1.fastq.gz
DCM_7.GSE165303.Homo_Sapiens.H3K27ac.b1	SRR13505997_1.fastq.gz
ESC.GSE153884.Mus_Musculus.FGFR1.b1	SRR12158525_1.fastq.gz
MyLa.GSE101498.Homo_Sapiens.H3K27ac.b2	SRR5831495_1.fastq.gz
hESC-WT-D0.GSE120294.Homo_Sapiens.SMC1A.b1	SRR7888962_1.fastq.gz
hESC-WT-D0.GSE120294.Homo_Sapiens.SMC1A.b1	SRR7888961_1.fastq.gz
hESC-WT-D0.GSE120294.Homo_Sapiens.SMC1A.b1	SRR7888964_1.fastq.gz
hESC-WT-D0.GSE120294.Homo_Sapiens.SMC1A.b1	SRR7888963_1.fastq.gz
PAEC-siRNA-KLF2-4.GSE152900.Homo_Sapiens.H3K27ac.b2	SRR18552248_1.fastq.gz
H9.GSE105028.Homo_Sapiens.Rad21.b1	SRR6206785_1.fastq.gz
H9.GSE105028.Homo_Sapiens.Rad21.b1	SRR6206784_1.fastq.gz
H9.GSE105028.Homo_Sapiens.Rad21.b1	SRR6206783_1.fastq.gz
H9.GSE105028.Homo_Sapiens.Rad21.b1	SRR6206786_1.fastq.gz
shLdb1_D6.GSE126362.Mus_Musculus.Pax3.b1	SRR8556553_1.fastq.gz
ESC.GSE153884.Mus_Musculus.CTCF.b1	SRR12158527_1.fastq.gz
D3.GSE113339.Mus_Musculus.KLF4.b3	SRR7030453_1.fastq.gz
MEF_B6_90m.GSE193079.Mus_Musculus.H3K27ac.b3	SRR17446917_1.fastq.gz
A673_SA2r.GSE133227.Homo_Sapiens.H3K27ac.b5	SRR9590197_1.fastq.gz
D6.GSE113339.Mus_Musculus.KLF4.b1	SRR7030454_1.fastq.gz
D6.GSE113339.Mus_Musculus.KLF4.b1	SRR7030455_1.fastq.gz
BL6_CD4_CD8.GSE141847.Mus_Musculus.SMC1A.b1	SRR10669672_1.fastq.gz
NSD2-Low-TKO.GSE131651.Homo_Sapiens.CTCF.b3	SRR9109536_1.fastq.gz
NSD2-Low-TKO.GSE131651.Homo_Sapiens.CTCF.b3	SRR9109534_1.fastq.gz
NSD2-Low-TKO.GSE131651.Homo_Sapiens.CTCF.b3	SRR9109533_1.fastq.gz
NSD2-Low-TKO.GSE131651.Homo_Sapiens.CTCF.b3	SRR9109532_1.fastq.gz
NSD2-Low-TKO.GSE131651.Homo_Sapiens.CTCF.b3	SRR9109535_1.fastq.gz
NSD2-Low-TKO.GSE131651.Homo_Sapiens.CTCF.b3	SRR9109537_1.fastq.gz
DCM_10.GSE165303.Homo_Sapiens.H3K27ac.b1	SRR13506000_1.fastq.gz
OPC.GSE157666.Mus_Musculus.H3K27ac.b1	SRR12610296_1.fastq.gz
VCaP-DMSO-4h.GSE171591.Homo_Sapiens.CTCF.b1	SRR14159852_1.fastq.gz
hESC-WT.GSE181971.Homo_Sapiens.SMC1A.b2	SRR15425307_1.fastq.gz
Retina.GSE196235.Homo_Sapiens.H3K27ac.b2	SRR17909511_1.fastq.gz
hESC-p63GOF-D0.GSE120294.Homo_Sapiens.SMC1A.b2	SRR7888975_1.fastq.gz
hESC-p63GOF-D0.GSE120294.Homo_Sapiens.SMC1A.b2	SRR7888976_1.fastq.gz
Treg.GSE189442.Mus_Musculus.YY1.b1	SRR17021177_1.fastq.gz
CORL279.GSE151001.Homo_Sapiens.H3K27ac.b1	SRR11826681_1.fastq.gz
lgs301315.GSE116193.Homo_Sapiens.H3K27ac.b1	SRR7417512_1.fastq.gz
MB157-WT.GSE116869.Homo_Sapiens.SMC1A.b1	SRR7505568_1.fastq.gz
mESC_WO.GSE99519.Mus_Musculus.H3K27ac.b3	SRR6010271_1.fastq.gz
SEC-WT-D7.GSE120294.Homo_Sapiens.SMC1A.b2	SRR7888985_1.fastq.gz
SEC-WT-D7.GSE120294.Homo_Sapiens.SMC1A.b2	SRR7888983_1.fastq.gz
SEC-WT-D7.GSE120294.Homo_Sapiens.SMC1A.b2	SRR7888984_1.fastq.gz
SEC-WT-D7.GSE120294.Homo_Sapiens.SMC1A.b2	SRR7888986_1.fastq.gz
A673_SA2m1.GSE133227.Homo_Sapiens.H3K27ac.b1	SRR9590187_1.fastq.gz
E14_mESC_EEDko.GSE160656.Mus_Musculus.H3K4me3.b2	SRR12965877_1.fastq.gz
MDA-MB-453-DMSO.GSE157381.Homo_Sapiens.H3K27ac.b1	SRR12576438_1.fastq.gz
mOPC_IFN.GSE166177.Mus_Musculus.H3K27ac.b3	SRR13631526_1.fastq.gz
PAEC-LSS.GSE152900.Homo_Sapiens.H3K27ac.b2	SRR12071808_1.fastq.gz
hiPSC-CM-ED.GSE111930.Homo_Sapiens.H3K27ac.b1	SRR8668927_1.fastq.gz
A673-siSA2-Dh8-72h-D347-D362.GSE156650.Homo_Sapiens.CTCF.b1	SRR12492721_1.fastq.gz
A673-siSA2-Dh8-72h-D347-D362.GSE156650.Homo_Sapiens.CTCF.b1	SRR12492735_1.fastq.gz
NF_1.GSE165303.Homo_Sapiens.H3K27ac.b1	SRR13505981_1.fastq.gz
GM12878.GSE101498.Homo_Sapiens.H3K27ac.b1	SRR5831489_1.fastq.gz
SEC-p63KO-D7.GSE120294.Homo_Sapiens.SMC1A.b2	SRR7888993_1.fastq.gz
SEC-p63KO-D7.GSE120294.Homo_Sapiens.SMC1A.b2	SRR7888994_1.fastq.gz
NIH3T3.GSE135296.Mus_Musculus.H3K27ac.b1	SRR9889945_1.fastq.gz
E14_mESC_AntNPC.GSE160656.Mus_Musculus.H3K27ac.b2	SRR12965870_1.fastq.gz
HAEC.GSE178598.Homo_Sapiens.H3K27ac.b1	SRR14872078_1.fastq.gz
HAEC.GSE178598.Homo_Sapiens.H3K27ac.b1	SRR14872079_1.fastq.gz
HAEC.GSE178598.Homo_Sapiens.H3K27ac.b1	SRR14872077_1.fastq.gz
DND41.GSE165207.Homo_Sapiens.H3K27ac.b2	SRR13492047_1.fastq.gz
DND41.GSE165207.Homo_Sapiens.H3K27ac.b2	SRR13492048_1.fastq.gz
SNU16.GSE159985.Homo_Sapiens.H3K27ac.b1	SRR12885712_1.fastq.gz
DND41.GSE165207.Homo_Sapiens.H3K27ac.b1	SRR13492046_1.fastq.gz
DND41.GSE165207.Homo_Sapiens.H3K27ac.b1	SRR13492045_1.fastq.gz
OCI-AML3-WT.GSE111537.Homo_Sapiens.CTCF.b2	SRR6815426_1.fastq.gz
VCaP-AU-4h.GSE171591.Homo_Sapiens.H3K27ac.b1	SRR14159851_1.fastq.gz
Erythroid_1hr.GSE142004.Mus_Musculus.YY1.b1	SRR10690960_1.fastq.gz
Hela-S3-Control.GSE108869.Homo_Sapiens.CTCF.b1	SRR6657726_1.fastq.gz
E14_mESC_WT.GSE160656.Mus_Musculus.H3K4me3.b1	SRR12965874_1.fastq.gz
cbCD34+-HSPC-SJTALL005006-D2.GSE165207.Homo_Sapiens.H3K27ac.b1	SRR13492043_1.fastq.gz
Naive_Tcells.GSE101498.Homo_Sapiens.H3K27ac.b3	SRR5831500_1.fastq.gz
Naive_Tcells.GSE101498.Homo_Sapiens.H3K27ac.b3	SRR5831499_1.fastq.gz
NF_5.GSE165303.Homo_Sapiens.H3K27ac.b1	SRR13505985_1.fastq.gz
P14_CD8.GSE192387.Mus_Musculus.BATF.b1	SRR17296605_1.fastq.gz
DEX.GSE117888.Homo_Sapiens.H3K27ac.b1	SRR8103820_1.fastq.gz
Cardiac_Embryo_DKO.GSE121671.Mus_Musculus.SMC1A.b1	SRR8181444_1.fastq.gz
BMDM_EPSKO.GSE115524.Mus_Musculus.SMC1A.b1	SRR7281304_1.fastq.gz
E14_mESC_AntNPC.GSE160656.Mus_Musculus.H3K4me3.b1	SRR12965871_1.fastq.gz
HCT116.GSE99519.Homo_Sapiens.YY1.b1	SRR6010259_1.fastq.gz
HCT116.GSE99519.Homo_Sapiens.YY1.b1	SRR6010258_1.fastq.gz
THP-1-del-TRP.GSE149420.Homo_Sapiens.H3K27ac.b1	SRR14804051_1.fastq.gz
OCI-Ly7-Control.GSE183797.Homo_Sapiens.H3K27ac.b1	SRR15831064_1.fastq.gz
HK2.GSE147646.Homo_Sapiens.H3K27ac.b1	SRR11434878_1.fastq.gz
HK2.GSE147646.Homo_Sapiens.H3K27ac.b1	SRR11434879_1.fastq.gz
OCI-AML3-DeltaSTAG2.GSE111537.Homo_Sapiens.CTCF.b2	SRR6815428_1.fastq.gz
ES.GSE113339.Mus_Musculus.KLF4.b2	SRR7030445_1.fastq.gz
ES.GSE113339.Mus_Musculus.KLF4.b2	SRR7030446_1.fastq.gz
Kelly-Sens-50I.GSE126792.Homo_Sapiens.SMC1A.b3	SRR8594873_1.fastq.gz
HT55.GSE147854.Homo_Sapiens.H3K27ac.b1	SRR11459776_1.fastq.gz
MB157-pInd20TCF1-10dox.GSE173843.Homo_Sapiens.SMC1A.b1	SRR14421717_1.fastq.gz
CAR-T-CD19-D10.GSE168881.Homo_Sapiens.H3K27ac.b1	SRR13961071_1.fastq.gz
THP1-CTRL.GSE188380.Homo_Sapiens.CTCF.b1	SRR16849263_1.fastq.gz
Treg.GSE101498.Homo_Sapiens.H3K27ac.b1	SRR5831505_1.fastq.gz
Naive_Tcells.GSE101498.Homo_Sapiens.H3K27ac.b1	SRR5831496_1.fastq.gz
MEF_B6_0m.GSE193079.Mus_Musculus.H3K27ac.b2	SRR17446921_1.fastq.gz
K562.GSE101498.Homo_Sapiens.H3K27ac.b2	SRR5831492_1.fastq.gz
OCI-AML3-DeltaSTAG2.GSE111537.Homo_Sapiens.CTCF.b1	SRR6815427_1.fastq.gz
HUVEC-Senescent.GSE100856.Homo_Sapiens.CTCF.b1	SRR6496515_1.fastq.gz
H9-siNIPBL-HS.GSE105028.Homo_Sapiens.CTCF.b1	SRR6206813_1.fastq.gz
H524.GSE151001.Homo_Sapiens.H3K27ac.b1	SRR11826693_1.fastq.gz
DCM_2.GSE165303.Homo_Sapiens.H3K27ac.b1	SRR13505992_1.fastq.gz
TC71_SA2m2.GSE133227.Homo_Sapiens.CTCF.b2	SRR9590213_1.fastq.gz
THP1-CTRL.GSE188380.Homo_Sapiens.CTCF.b2	SRR16849264_1.fastq.gz
mESC_WT.GSE99519.Mus_Musculus.H3K27ac.b2	SRR5634330_1.fastq.gz
mESC_WT.GSE99519.Mus_Musculus.H3K27ac.b2	SRR5634328_1.fastq.gz
mESC_WT.GSE99519.Mus_Musculus.H3K27ac.b2	SRR5634329_1.fastq.gz
A673_SA1m1.GSE133227.Homo_Sapiens.CTCF.b1	SRR9590180_1.fastq.gz
Th17.GSE101498.Homo_Sapiens.H3K27ac.b1	SRR5831501_1.fastq.gz
Th17.GSE101498.Homo_Sapiens.H3K27ac.b1	SRR5831502_1.fastq.gz
THP1-CTRL.GSE188380.Homo_Sapiens.CTCF.b3	SRR16849265_1.fastq.gz
JSC.GSE136090.Homo_Sapiens.H3K27ac.b1	SRR10008154_1.fastq.gz
JSC.GSE136090.Homo_Sapiens.H3K27ac.b1	SRR10008153_1.fastq.gz
Treg_KOGFP.GSE189442.Mus_Musculus.H3K27ac.b2	SRR17021174_1.fastq.gz
3134_siCTRL_1hr_Dex.GSE162617.Mus_Musculus.GR.b1	SRR13192949_1.fastq.gz
SUCCS1-WT.GSE180194.Homo_Sapiens.H3K27ac.b1	SRR15163184_1.fastq.gz
HEC-1-B-SPT6_LNA.GSE148958.Homo_Sapiens.V5.b1	SRR15569146_1.fastq.gz
Erythroid_0hr.GSE142004.Mus_Musculus.YY1.b2	SRR10690961_1.fastq.gz
mES_HC3C.GSE115524.Mus_Musculus.Oct4.b1	SRR7990662_1.fastq.gz
KYSE140_DMSO2hrs.GSE166232.Homo_Sapiens.H3K27ac.b1	SRR13637947_1.fastq.gz
KYSE140_DMSO2hrs.GSE166232.Homo_Sapiens.H3K27ac.b1	SRR13637946_1.fastq.gz
THP-1-del-cIDR-Batch2.GSE149420.Homo_Sapiens.H3K4me3.b1	SRR14804044_1.fastq.gz
THP1-125D.GSE188380.Homo_Sapiens.CTCF.b1	SRR16849266_1.fastq.gz
BMDM_EPSKO.GSE115524.Mus_Musculus.H3K4me3.b2	SRR7281301_1.fastq.gz
mESC_RYBP_WT.GSE147919.Mus_Musculus.CTCF.b1	SRR11465548_1.fastq.gz
SEC-WT-D7.GSE120294.Homo_Sapiens.SMC1A.b1	SRR7888981_1.fastq.gz
SEC-WT-D7.GSE120294.Homo_Sapiens.SMC1A.b1	SRR7888980_1.fastq.gz
SEC-WT-D7.GSE120294.Homo_Sapiens.SMC1A.b1	SRR7888979_1.fastq.gz
SEC-WT-D7.GSE120294.Homo_Sapiens.SMC1A.b1	SRR7888982_1.fastq.gz
MDA-MB-231-PVT1sgRNAR3.GSE97585.Homo_Sapiens.H3K27ac.b2	SRR5442306_1.fastq.gz
GM12878.GSE80820.Homo_Sapiens.SMC1A.b2	SRR3467177_1.fastq.gz
GM12878.GSE80820.Homo_Sapiens.SMC1A.b2	SRR3467178_1.fastq.gz
hESC-WT.GSE181971.Homo_Sapiens.SMC1A.b1	SRR15425306_1.fastq.gz
DMS273.GSE151001.Homo_Sapiens.H3K27ac.b1	SRR11826683_1.fastq.gz
OPC.GSE157666.Mus_Musculus.H3K27ac.b2	SRR12610297_1.fastq.gz
mESC_WT.GSE147919.Mus_Musculus.RYBP.b1	SRR11465544_1.fastq.gz
mESC_WT.GSE147919.Mus_Musculus.RYBP.b1	SRR11465545_1.fastq.gz
HeLa-S3-shcontrol.GSE137849.Homo_Sapiens.CTCF.b2	SRR11902169_1.fastq.gz
shCtrl_D6.GSE126362.Mus_Musculus.Pax3.b2	SRR8556552_1.fastq.gz
mES_HC3C.GSE115524.Mus_Musculus.Oct4.b2	SRR7990663_1.fastq.gz
HeLa-S3-shBHLHE40.GSE137849.Homo_Sapiens.CTCF.b1	SRR10163456_1.fastq.gz
BMDM_EPSWT.GSE115524.Mus_Musculus.SMC1A.b1	SRR7281302_1.fastq.gz
Villus.GSE148691.Mus_Musculus.H3K4me3.b1	SRR11548369_1.fastq.gz
Villus.GSE148691.Mus_Musculus.H3K4me3.b1	SRR11548368_1.fastq.gz
NSD2-Low-TKO.GSE131651.Homo_Sapiens.CTCF.b2	SRR9109531_1.fastq.gz
NSD2-Low-TKO.GSE131651.Homo_Sapiens.CTCF.b2	SRR9109527_1.fastq.gz
NSD2-Low-TKO.GSE131651.Homo_Sapiens.CTCF.b2	SRR9109529_1.fastq.gz
NSD2-Low-TKO.GSE131651.Homo_Sapiens.CTCF.b2	SRR9109528_1.fastq.gz
NSD2-Low-TKO.GSE131651.Homo_Sapiens.CTCF.b2	SRR9109530_1.fastq.gz
NSD2-Low-TKO.GSE131651.Homo_Sapiens.CTCF.b2	SRR9109526_1.fastq.gz
SEC-WT-D7.GSE120294.Homo_Sapiens.SMC1A.b3	SRR7888987_1.fastq.gz
SEC-WT-D7.GSE120294.Homo_Sapiens.SMC1A.b3	SRR7888989_1.fastq.gz
SEC-WT-D7.GSE120294.Homo_Sapiens.SMC1A.b3	SRR7888988_1.fastq.gz
SEC-WT-D7.GSE120294.Homo_Sapiens.SMC1A.b3	SRR7888990_1.fastq.gz
ESC.GSE153884.Mus_Musculus.FGFR1.b2	SRR12158526_1.fastq.gz
lgs102943.GSE116193.Homo_Sapiens.H3K27ac.b1	SRR7417511_1.fastq.gz
THP-1-del-cIDR.GSE149420.Homo_Sapiens.H3K27ac.b1	SRR14804049_1.fastq.gz
T47D-T30.GSE179666.Homo_Sapiens.PR.b1	SRR15064551_1.fastq.gz
Th17.GSE101498.Homo_Sapiens.H3K27ac.b2	SRR5831503_1.fastq.gz
ES.GSE113339.Mus_Musculus.KLF4.b3	SRR7030447_1.fastq.gz
ES.GSE113339.Mus_Musculus.KLF4.b3	SRR7030448_1.fastq.gz
hESC-AHDC1-GIBBIN-KO.GSE181971.Homo_Sapiens.SMC1A.b1	SRR15425303_1.fastq.gz
THP-1-Vector-Batch2.GSE149420.Homo_Sapiens.H3K4me3.b1	SRR14804042_1.fastq.gz
H1836.GSE151001.Homo_Sapiens.H3K27ac.b1	SRR11826687_1.fastq.gz
MCF7-DMSO.GSE157381.Homo_Sapiens.H3K27ac.b1	SRR12576440_1.fastq.gz
mES_Untreated.GSE145793.Mus_Musculus.H3K27ac.b2	SRR11117730_1.fastq.gz
Kelly-Res-shBORIS.GSE126792.Homo_Sapiens.SMC1A.b1	SRR8594865_1.fastq.gz
H7-hESC-CM-WT.GSE111930.Homo_Sapiens.H3K27ac.b1	SRR8668934_1.fastq.gz
IMR90-Senescent.GSE100856.Homo_Sapiens.CTCF.b1	SRR5808479_1.fastq.gz
mES_500k.GSE101498.Mus_Musculus.H3K27ac.b1	SRR5831483_1.fastq.gz
NCC.GSE153884.Mus_Musculus.FGFR1.b2	SRR12158532_1.fastq.gz
Caudate.GSE147672.Homo_Sapiens.H3K27ac.b1	SRR11442528_1.fastq.gz
Caudate.GSE147672.Homo_Sapiens.H3K27ac.b1	SRR11442524_1.fastq.gz
Caudate.GSE147672.Homo_Sapiens.H3K27ac.b1	SRR11442526_1.fastq.gz
Caudate.GSE147672.Homo_Sapiens.H3K27ac.b1	SRR11442530_1.fastq.gz
Caudate.GSE147672.Homo_Sapiens.H3K27ac.b1	SRR11442527_1.fastq.gz
Caudate.GSE147672.Homo_Sapiens.H3K27ac.b1	SRR11442531_1.fastq.gz
Caudate.GSE147672.Homo_Sapiens.H3K27ac.b1	SRR11442525_1.fastq.gz
Caudate.GSE147672.Homo_Sapiens.H3K27ac.b1	SRR11442529_1.fastq.gz
3T3.GSE192387.Mus_Musculus.BATF.b1	SRR17296607_1.fastq.gz
D3.GSE113339.Mus_Musculus.KLF4.b2	SRR7030452_1.fastq.gz
Treg.GSE189442.Mus_Musculus.FoxP3.b1	SRR17021175_1.fastq.gz
HeLa-S3-shBHLHE40.GSE137849.Homo_Sapiens.CTCF.b2	SRR11902170_1.fastq.gz
H2029.GSE151001.Homo_Sapiens.H3K27ac.b1	SRR11826689_1.fastq.gz
Erythroblast.GSE131054.Homo_Sapiens.H3K27ac.b1	SRR9070078_1.fastq.gz
SNU16-dCas9-KRAB.GSE159985.Homo_Sapiens.H3K27ac.b1	SRR14634115_1.fastq.gz
OCI-Ly7-OCABi.GSE183797.Homo_Sapiens.H3K27ac.b1	SRR15831067_1.fastq.gz
mESC_Degraded.GSE99519.Mus_Musculus.H3K27ac.b3	SRR5634341_1.fastq.gz
mESC_Degraded.GSE99519.Mus_Musculus.H3K27ac.b3	SRR5634340_1.fastq.gz
mESC_Degraded.GSE99519.Mus_Musculus.H3K27ac.b3	SRR5634342_1.fastq.gz
GM12878.GSE115524.Homo_Sapiens.CTCF.b1	SRR7990656_1.fastq.gz
E14_mESC_WT.GSE160656.Mus_Musculus.H3K27me3.b2	SRR12965873_1.fastq.gz
Erythroid_1hr.GSE142004.Mus_Musculus.H3K27ac.b1	SRR10690956_1.fastq.gz
mES.GSE80820.Mus_Musculus.SMC1A.b1	SRR3467180_1.fastq.gz
mES.GSE80820.Mus_Musculus.SMC1A.b1	SRR3467179_1.fastq.gz
OCI-Ly7-Control.GSE183797.Homo_Sapiens.H3K27ac.b3	SRR15831066_1.fastq.gz
HARA.GSE147854.Homo_Sapiens.H3K27ac.b1	SRR11459775_1.fastq.gz
VCaP-AU-4h.GSE171591.Homo_Sapiens.CTCF.b1	SRR14159853_1.fastq.gz
Treg_MT.GSE112176.Mus_Musculus.H3K27ac.b1	SRR6876292_1.fastq.gz
BC1.GSE136090.Homo_Sapiens.H3K27ac.b1	SRR10008152_1.fastq.gz
BC1.GSE136090.Homo_Sapiens.H3K27ac.b1	SRR10008151_1.fastq.gz
mES_1m.GSE80820.Mus_Musculus.SMC1A.b1	SRR3467187_1.fastq.gz
mES_1m.GSE80820.Mus_Musculus.SMC1A.b1	SRR3467188_1.fastq.gz
H9.GSE105028.Homo_Sapiens.OCT4.b1	SRR6206799_1.fastq.gz
H9.GSE105028.Homo_Sapiens.OCT4.b1	SRR6206798_1.fastq.gz
dTAD_D1.GSE126362.Mus_Musculus.Lbd1.b1	SRR8556556_1.fastq.gz
mES_50k.GSE101498.Mus_Musculus.H3K27ac.b1	SRR5831487_1.fastq.gz
CAR-T-HA-D10.GSE168881.Homo_Sapiens.H3K27ac.b2	SRR13961074_1.fastq.gz
VCAP-Veh.GSE157107.Homo_Sapiens.H3K27ac.b1	SRR12643178_1.fastq.gz
MDA-MB-231-PVT1sgRNAR3.GSE97585.Homo_Sapiens.H3K27ac.b1	SRR5442305_1.fastq.gz
lgs102580.GSE116193.Homo_Sapiens.H3K27ac.b1	SRR7417510_1.fastq.gz
SW480.GSE136629.Homo_Sapiens.H3K27ac.b1	SRR10043497_1.fastq.gz
lgs301283.GSE116193.Homo_Sapiens.CTCF.b1	SRR7417519_1.fastq.gz
K562.GSE101498.Homo_Sapiens.H3K27ac.b3	SRR5831493_1.fastq.gz
DCM_6.GSE165303.Homo_Sapiens.H3K27ac.b1	SRR13505996_1.fastq.gz
Treg.GSE189442.Mus_Musculus.FoxP3.b2	SRR17021176_1.fastq.gz
ES.GSE113339.Mus_Musculus.H3K27ac.b2	SRR7030464_1.fastq.gz
ES.GSE113339.Mus_Musculus.H3K27ac.b2	SRR7030465_1.fastq.gz
A673_SA2m1.GSE133227.Homo_Sapiens.CTCF.b4	SRR9590185_1.fastq.gz
mESC_Degraded.GSE99519.Mus_Musculus.H3K27ac.b1	SRR5634336_1.fastq.gz
mESC_Degraded.GSE99519.Mus_Musculus.H3K27ac.b1	SRR5634334_1.fastq.gz
mESC_Degraded.GSE99519.Mus_Musculus.H3K27ac.b1	SRR5634335_1.fastq.gz
HUDEP-2-Mut1.GSE131054.Homo_Sapiens.H3K27ac.b1	SRR9044508_1.fastq.gz
Crypt.GSE148691.Mus_Musculus.H3K4me3.b1	SRR11548371_1.fastq.gz
Crypt.GSE148691.Mus_Musculus.H3K4me3.b1	SRR11548370_1.fastq.gz
mESC_WT.GSE99519.Mus_Musculus.H3K27ac.b1	SRR5634325_1.fastq.gz
mESC_WT.GSE99519.Mus_Musculus.H3K27ac.b1	SRR5634327_1.fastq.gz
mESC_WT.GSE99519.Mus_Musculus.H3K27ac.b1	SRR5634326_1.fastq.gz
LK2.GSE166232.Homo_Sapiens.H3K27ac.b1	SRR13637942_1.fastq.gz
KBM7-MED14-dTAG_2h_DMSO.GSE139466.Homo_Sapiens.H3K27ac.b1	SRR10354674_1.fastq.gz
KBM7-MED14-dTAG_2h_DMSO.GSE139466.Homo_Sapiens.H3K27ac.b1	SRR10354673_1.fastq.gz
3134_WT.GSE162617.Mus_Musculus.GR.b1	SRR13192948_1.fastq.gz
mESC.GSE150906.Mus_Musculus.H3K27ac.b1	SRR11816733_1.fastq.gz
BMDM_EPSWT.GSE115524.Mus_Musculus.H3K4me3.b1	SRR7281298_1.fastq.gz
A673_WT.GSE133227.Homo_Sapiens.CTCF.b1	SRR9590198_1.fastq.gz
Substantia-Nigra.GSE147672.Homo_Sapiens.H3K27ac.b1	SRR11442515_1.fastq.gz
Substantia-Nigra.GSE147672.Homo_Sapiens.H3K27ac.b1	SRR11442512_1.fastq.gz
Substantia-Nigra.GSE147672.Homo_Sapiens.H3K27ac.b1	SRR11442513_1.fastq.gz
Substantia-Nigra.GSE147672.Homo_Sapiens.H3K27ac.b1	SRR11442514_1.fastq.gz
3T3_TCF1.GSE178344.Mus_Musculus.SMC1A.b1	SRR14850835_1.fastq.gz
SNU16-dCas9-KRAB.GSE159985.Homo_Sapiens.H3K27ac.b2	SRR14634116_1.fastq.gz
H69.GSE151001.Homo_Sapiens.H3K27ac.b1	SRR11826694_1.fastq.gz
E6E7hTERT.GSE137936.Homo_Sapiens.H3K27ac.b1	SRR10175015_1.fastq.gz
Tconv.GSE189442.Mus_Musculus.H3K27ac.b2	SRR17021170_1.fastq.gz
HCT116-AuxinPos.GSE179544.Homo_Sapiens.RNA-Pol-II.b1	SRR15050697_1.fastq.gz
HCT116-AuxinPos.GSE179544.Homo_Sapiens.RNA-Pol-II.b1	SRR15050699_1.fastq.gz
EBNA2_Neg_Ramos.GSE179755.Homo_Sapiens.H3K27ac.b1	SRR15075159_1.fastq.gz
EBNA2_Neg_Ramos.GSE179755.Homo_Sapiens.H3K27ac.b1	SRR15075158_1.fastq.gz
A673_WT.GSE133227.Homo_Sapiens.H3K27ac.b4	SRR9590206_1.fastq.gz
293T-TMPYP4.GSE128106.Homo_Sapiens.YY1.b1	SRR8707619_1.fastq.gz
293T-TMPYP4.GSE128106.Homo_Sapiens.YY1.b1	SRR8707620_1.fastq.gz
DEX.GSE117888.Homo_Sapiens.H3K27ac.b2	SRR8103821_1.fastq.gz
shLdb1_D6.GSE126362.Mus_Musculus.Pax3.b2	SRR8556554_1.fastq.gz
Treg_WTGFP.GSE189442.Mus_Musculus.H3K27ac.b2	SRR17021172_1.fastq.gz
Kelly-Res-50I.GSE126792.Homo_Sapiens.SMC1A.b1	SRR8594862_1.fastq.gz
Ishikawa.GSE137936.Homo_Sapiens.H3K27ac.b1	SRR10175018_1.fastq.gz
NF_7.GSE165303.Homo_Sapiens.H3K27ac.b1	SRR13505987_1.fastq.gz
Primary-Foreskin-Keratinocytes-Day3.GSE158642.Homo_Sapiens.H3K27ac.b2	SRR12728610_1.fastq.gz
3T3_Irf4.GSE192387.Mus_Musculus.BATF.b1	SRR17296608_1.fastq.gz
THP-1-del-cIDR-Batch1.GSE149420.Homo_Sapiens.H3K4me3.b1	SRR14804039_1.fastq.gz
THP-1-del-cIDR-Batch1.GSE149420.Homo_Sapiens.H3K4me3.b1	SRR14804038_1.fastq.gz
NOD_CD4_CD8.GSE141847.Mus_Musculus.SMC1A.b2	SRR10669676_1.fastq.gz
MyLa.GSE101498.Homo_Sapiens.H3K27ac.b1	SRR5831494_1.fastq.gz
MEF_B6_0m.GSE193079.Mus_Musculus.H3K27ac.b1	SRR17446922_1.fastq.gz
Primary-Foreskin-Keratinocytes-Day6.GSE158642.Homo_Sapiens.H3K27ac.b1	SRR12728611_1.fastq.gz
SKMES1_sg_e1_1.GSE166232.Homo_Sapiens.H3K27ac.b1	SRR13637952_1.fastq.gz
SKMES1_sg_e1_1.GSE166232.Homo_Sapiens.H3K27ac.b1	SRR13637953_1.fastq.gz
CTL.GSE117888.Homo_Sapiens.H3K27ac.b1	SRR8103822_1.fastq.gz
EryD.GSE112717.Mus_Musculus.Gata1.b2	SRR9592216_1.fastq.gz
MDA-MB-231-sgRNA-Ctrl.GSE97585.Homo_Sapiens.H3K27ac.b2	SRR5442304_1.fastq.gz
Treg.GSE189442.Mus_Musculus.YY1.b2	SRR17021178_1.fastq.gz
THP-1-WT.GSE149420.Homo_Sapiens.H3K27ac.b1	SRR14804048_1.fastq.gz
cbCD34+-HSPC-SJAUL068292-D1.GSE165207.Homo_Sapiens.H3K27ac.b1	SRR13492041_1.fastq.gz
Treg.GSE101498.Homo_Sapiens.H3K27ac.b2	SRR5831506_1.fastq.gz
HCC1599-GSI.GSE116872.Homo_Sapiens.SMC1A.b1	SRR7505612_1.fastq.gz
Aortic-VIC.GSE154513.Homo_Sapiens.H3K27ac.b1	SRR12231664_1.fastq.gz
HEC-1-B-WT.GSE148958.Homo_Sapiens.V5.b1	SRR15569144_1.fastq.gz
GM12878.GSE80820.Homo_Sapiens.SMC1A.b1	SRR3467175_1.fastq.gz
GM12878.GSE80820.Homo_Sapiens.SMC1A.b1	SRR3467176_1.fastq.gz
STAG2-WT.GSE116495.Homo_Sapiens.SMC1A.b1	SRR13610655_1.fastq.gz
EryD.GSE112717.Mus_Musculus.Gata1.b1	SRR9592215_1.fastq.gz
PAEC-Control.GSE152900.Homo_Sapiens.H3K27ac.b2	SRR12071811_1.fastq.gz
Middle-Frontal-Gyrus.GSE147672.Homo_Sapiens.H3K27ac.b1	SRR11442509_1.fastq.gz
Middle-Frontal-Gyrus.GSE147672.Homo_Sapiens.H3K27ac.b1	SRR11442511_1.fastq.gz
Middle-Frontal-Gyrus.GSE147672.Homo_Sapiens.H3K27ac.b1	SRR11442510_1.fastq.gz
Middle-Frontal-Gyrus.GSE147672.Homo_Sapiens.H3K27ac.b1	SRR11442508_1.fastq.gz
MDA-MB-231-PVT1sgRNAR2.GSE97585.Homo_Sapiens.H3K27ac.b1	SRR5442307_1.fastq.gz
A673_WT.GSE133227.Homo_Sapiens.H3K27ac.b3	SRR9590205_1.fastq.gz
mESC_UT.GSE99519.Mus_Musculus.H3K27ac.b2	SRR6010265_1.fastq.gz
Hippocampus.GSE147672.Homo_Sapiens.H3K27ac.b2	SRR11442598_1.fastq.gz
Hippocampus.GSE147672.Homo_Sapiens.H3K27ac.b2	SRR11442601_1.fastq.gz
Hippocampus.GSE147672.Homo_Sapiens.H3K27ac.b2	SRR11442603_1.fastq.gz
Hippocampus.GSE147672.Homo_Sapiens.H3K27ac.b2	SRR11442596_1.fastq.gz
Hippocampus.GSE147672.Homo_Sapiens.H3K27ac.b2	SRR11442602_1.fastq.gz
Hippocampus.GSE147672.Homo_Sapiens.H3K27ac.b2	SRR11442597_1.fastq.gz
Hippocampus.GSE147672.Homo_Sapiens.H3K27ac.b2	SRR11442600_1.fastq.gz
Hippocampus.GSE147672.Homo_Sapiens.H3K27ac.b2	SRR11442599_1.fastq.gz
E14_mESC_AntNPC.GSE160656.Mus_Musculus.H3K27ac.b1	SRR12965869_1.fastq.gz
SMS-CTR.GSE137168.Homo_Sapiens.H3K27ac.b1	SRR13159507_1.fastq.gz
mESC_WO.GSE99519.Mus_Musculus.H3K27ac.b2	SRR6010270_1.fastq.gz
Adult_CTX_VIPcre.GSE150536.Mus_Musculus.H3K27ac.b1	SRR11787755_1.fastq.gz
Myogenic_Progenitors_D6.GSE126362.Mus_Musculus.Pax3.b2	SRR8556550_1.fastq.gz
lgs301315.GSE116193.Homo_Sapiens.CTCF.b1	SRR7417518_1.fastq.gz
NOD_CD4_CD8.GSE141847.Mus_Musculus.SMC1A.b1	SRR10669675_1.fastq.gz
mESC.GSE150906.Mus_Musculus.H3K27me3.b1	SRR11816732_1.fastq.gz
mOPC_Ctrl.GSE166177.Mus_Musculus.H3K27ac.b3	SRR13631525_1.fastq.gz
NF_6.GSE165303.Homo_Sapiens.H3K27ac.b1	SRR13505986_1.fastq.gz
IOSE11.GSE155328.Homo_Sapiens.H3K27ac.b1	SRR12342903_1.fastq.gz
NF_2.GSE165303.Homo_Sapiens.H3K27ac.b1	SRR13505982_1.fastq.gz
H1694.GSE151001.Homo_Sapiens.H3K27ac.b1	SRR11826686_1.fastq.gz
mES_5m.GSE80820.Mus_Musculus.SMC1A.b1	SRR3467186_1.fastq.gz
mES_5m.GSE80820.Mus_Musculus.SMC1A.b1	SRR3467185_1.fastq.gz
SEC-p63KO-D7.GSE120294.Homo_Sapiens.SMC1A.b1	SRR7888992_1.fastq.gz
SEC-p63KO-D7.GSE120294.Homo_Sapiens.SMC1A.b1	SRR7888991_1.fastq.gz
NCC.GSE153884.Mus_Musculus.CTCF.b1	SRR12158533_1.fastq.gz
H9-siNIPBL-HS.GSE105028.Homo_Sapiens.H3K4me1.b1	SRR6206814_1.fastq.gz
CD4_Naive_1814-RH-1.phs001703v3p1.Homo_Sapiens.H3K27ac.b3	Donor2_Rep3_T2_R1.fastq.gz
CD4_Naive_1814-RH-1.phs001703v3p1.Homo_Sapiens.H3K27ac.b3	Donor2_Rep3_T1_R1.fastq.gz
Nonclassical_Monocyte_1816.phs001703v4p1.Homo_Sapiens.H3K27ac.b1	1816_Run1_RH1_C39_L002_R1.fastq.gz
Nonclassical_Monocyte_1816.phs001703v4p1.Homo_Sapiens.H3K27ac.b1	1816_Run1_RH1_C39_L001_R1.fastq.gz
CD8_Naive_1815-RH-1.phs001703v3p1.Homo_Sapiens.H3K27ac.b3	Donor3_Rep3_T1_R1.fastq.gz
CD8_Naive_1815-RH-1.phs001703v3p1.Homo_Sapiens.H3K27ac.b3	Donor3_Rep3_T2_R1.fastq.gz
Naive_B_1815-RH-1.phs001703v3p1.Homo_Sapiens.H3K27ac.b1	Donor3_Rep1_R1.fastq.gz
Nonclassical_Monocyte_1800.phs001703v4p1.Homo_Sapiens.H3K27ac.b4	1800_Run4_RH1_C47_L003_R1.fastq.gz
Monocyte_1816-RH-1.phs001703v3p1.Homo_Sapiens.H3K27ac.b2	Donor4_Rep2_T2_R1.fastq.gz
Monocyte_1816-RH-1.phs001703v3p1.Homo_Sapiens.H3K27ac.b2	Donor4_Rep2_T1_R1.fastq.gz
Naive_K_1815-RH-1.phs001703v3p1.Homo_Sapiens.H3K27ac.b3	Donor3_Rep3_T2_R1.fastq.gz
Naive_K_1815-RH-1.phs001703v3p1.Homo_Sapiens.H3K27ac.b3	Donor3_Rep3_T1_R1.fastq.gz
CD8_Naive_1800-RH-1.phs001703v3p1.Homo_Sapiens.H3K27ac.b3	Donor1_Rep3_T1_R1.fastq.gz
CD8_Naive_1800-RH-1.phs001703v3p1.Homo_Sapiens.H3K27ac.b3	Donor1_Rep3_T2_R1.fastq.gz
Monocyte_1829-RH-1.phs001703v3p1.Homo_Sapiens.H3K27ac.b3	Donor5_Rep3_T2_R1.fastq.gz
Monocyte_1829-RH-1.phs001703v3p1.Homo_Sapiens.H3K27ac.b3	Donor5_Rep3_T1_R1.fastq.gz
CD8_Naive_1814-RH-1.phs001703v3p1.Homo_Sapiens.H3K27ac.b2	Donor2_Rep2_R1.fastq.gz
CD4_Naive_1800-RH-1.phs001703v3p1.Homo_Sapiens.H3K27ac.b1	Donor1_Rep1_R1.fastq.gz
Nonclassical_Monocyte_1786.phs001703v4p1.Homo_Sapiens.H3K27ac.b2	1786_Run2_RH1_C50_L004_R1.fastq.gz
Nonclassical_Monocyte_1786.phs001703v4p1.Homo_Sapiens.H3K27ac.b2	1786_Run2_RH1_C50_L002_R1.fastq.gz
Nonclassical_Monocyte_1815.phs001703v4p1.Homo_Sapiens.H3K27ac.b3	1815_Run3_RH1_C38_L001_R1.fastq.gz
Monocyte_1815-RH-1.phs001703v3p1.Homo_Sapiens.H3K27ac.b2	Donor3_Rep2_R1.fastq.gz
CD8_Naive_1814-RH-1.phs001703v3p1.Homo_Sapiens.H3K27ac.b1	Donor2_Rep1_R1.fastq.gz
CD8_Naive_1831-RH-1.phs001703v3p1.Homo_Sapiens.H3K27ac.b1	Donor6_Rep1_R1.fastq.gz
Monocyte_1829-RH-1.phs001703v3p1.Homo_Sapiens.H3K27ac.b1	Donor5_Rep1_R1.fastq.gz
CD4_Naive_1831-RH-1.phs001703v3p1.Homo_Sapiens.H3K27ac.b3	Donor6_Rep3_T1_R1.fastq.gz
CD4_Naive_1831-RH-1.phs001703v3p1.Homo_Sapiens.H3K27ac.b3	Donor6_Rep3_T3_R1.fastq.gz
CD4_Naive_1831-RH-1.phs001703v3p1.Homo_Sapiens.H3K27ac.b3	Donor6_Rep3_T2_R1.fastq.gz
CD4_Naive_1831-RH-1.phs001703v3p1.Homo_Sapiens.H3K27ac.b3	Donor6_Rep3_T4_R1.fastq.gz
Naive_K_1800-RH-1.phs001703v3p1.Homo_Sapiens.H3K27ac.b1	Donor1_Rep1_R1.fastq.gz
CD4_Naive_1800-RH-1.phs001703v3p1.Homo_Sapiens.H3K27ac.b2	Donor1_Rep2_R1.fastq.gz
Nonclassical_Monocyte_1800.phs001703v4p1.Homo_Sapiens.H3K27ac.b1	1800_Run1_RH1_C47_L002_R1.fastq.gz
Nonclassical_Monocyte_1800.phs001703v4p1.Homo_Sapiens.H3K27ac.b1	1800_Run1_RH1_C47_L001_R1.fastq.gz
Naive_B_1831-RH-1.phs001703v3p1.Homo_Sapiens.H3K27ac.b2	Donor6_Rep2_R1.fastq.gz
Naive_B_1815-RH-1.phs001703v3p1.Homo_Sapiens.H3K27ac.b3	Donor3_Rep3_T2_R1.fastq.gz
Naive_B_1815-RH-1.phs001703v3p1.Homo_Sapiens.H3K27ac.b3	Donor3_Rep3_T1_R1.fastq.gz
Naive_B_1815-RH-1.phs001703v3p1.Homo_Sapiens.H3K27ac.b2	Donor3_Rep2_R1.fastq.gz
Nonclassical_Monocyte_1815.phs001703v4p1.Homo_Sapiens.H3K27ac.b1	1815_Run1_RH1_C38_L002_R1.fastq.gz
Nonclassical_Monocyte_1815.phs001703v4p1.Homo_Sapiens.H3K27ac.b1	1815_Run1_RH1_C38_L001_R1.fastq.gz
Monocyte_1800-RH-1.phs001703v3p1.Homo_Sapiens.H3K27ac.b1	Donor1_Rep1_T2_R1.fastq.gz
Monocyte_1800-RH-1.phs001703v3p1.Homo_Sapiens.H3K27ac.b1	Donor1_Rep1_T1_R1.fastq.gz
CD4_Naive_1829-RH-1.phs001703v3p1.Homo_Sapiens.H3K27ac.b3	Donor5_Rep3_T2_R1.fastq.gz
CD4_Naive_1829-RH-1.phs001703v3p1.Homo_Sapiens.H3K27ac.b3	Donor5_Rep3_T4_R1.fastq.gz
CD4_Naive_1829-RH-1.phs001703v3p1.Homo_Sapiens.H3K27ac.b3	Donor5_Rep3_T3_R1.fastq.gz
CD4_Naive_1829-RH-1.phs001703v3p1.Homo_Sapiens.H3K27ac.b3	Donor5_Rep3_T1_R1.fastq.gz
CD4_Naive_1816-RH-1.phs001703v3p1.Homo_Sapiens.H3K27ac.b3	Donor4_Rep3_T2_R1.fastq.gz
CD4_Naive_1816-RH-1.phs001703v3p1.Homo_Sapiens.H3K27ac.b3	Donor4_Rep3_T1_R1.fastq.gz
CD4_Naive_1831-RH-1.phs001703v3p1.Homo_Sapiens.H3K27ac.b1	Donor6_Rep1_T2_R1.fastq.gz
CD4_Naive_1831-RH-1.phs001703v3p1.Homo_Sapiens.H3K27ac.b1	Donor6_Rep1_T1_R1.fastq.gz
CD8_Naive_1816-RH-1.phs001703v3p1.Homo_Sapiens.H3K27ac.b2	Donor4_Rep2_R1.fastq.gz
CD4_Naive_1816-RH-1.phs001703v3p1.Homo_Sapiens.H3K27ac.b1	Donor4_Rep1_R1.fastq.gz
Nonclassical_Monocyte_1815.phs001703v4p1.Homo_Sapiens.H3K27ac.b4	1815_Run4_RH1_C38_L003_R1.fastq.gz
Nonclassical_Monocyte_1831.phs001703v4p1.Homo_Sapiens.H3K27ac.b4	1831_Run4_RH1_C48_L003_R1.fastq.gz
Nonclassical_Monocyte_1816.phs001703v4p1.Homo_Sapiens.H3K27ac.b3	1816_Run3_RH1_C39_L001_R1.fastq.gz
Nonclassical_Monocyte_1800.phs001703v4p1.Homo_Sapiens.H3K27ac.b3	1800_Run3_RH1_C47_L001_R1.fastq.gz
CD4_Naive_1815-RH-1.phs001703v3p1.Homo_Sapiens.H3K27ac.b3	Donor3_Rep3_T4_R1.fastq.gz
CD4_Naive_1815-RH-1.phs001703v3p1.Homo_Sapiens.H3K27ac.b3	Donor3_Rep3_T2_R1.fastq.gz
CD4_Naive_1815-RH-1.phs001703v3p1.Homo_Sapiens.H3K27ac.b3	Donor3_Rep3_T3_R1.fastq.gz
CD4_Naive_1815-RH-1.phs001703v3p1.Homo_Sapiens.H3K27ac.b3	Donor3_Rep3_T1_R1.fastq.gz
Monocyte_1816-RH-1.phs001703v3p1.Homo_Sapiens.H3K27ac.b1	Donor4_Rep1_T1_R1.fastq.gz
Monocyte_1816-RH-1.phs001703v3p1.Homo_Sapiens.H3K27ac.b1	Donor4_Rep1_T2_R1.fastq.gz
Naive_B_1829-RH-1.phs001703v3p1.Homo_Sapiens.H3K27ac.b1	Donor5_Rep1_R1.fastq.gz
Nonclassical_Monocyte_1816.phs001703v4p1.Homo_Sapiens.H3K27ac.b2	1816_Run2_RH1_C39_L002_R1.fastq.gz
Nonclassical_Monocyte_1816.phs001703v4p1.Homo_Sapiens.H3K27ac.b2	1816_Run2_RH1_C39_L004_R1.fastq.gz
CD4_Naive_1829-RH-1.phs001703v3p1.Homo_Sapiens.H3K27ac.b2	Donor5_Rep2_T1_R1.fastq.gz
CD4_Naive_1829-RH-1.phs001703v3p1.Homo_Sapiens.H3K27ac.b2	Donor5_Rep2_T2_R1.fastq.gz
Naive_B_1816-RH-1.phs001703v3p1.Homo_Sapiens.H3K27ac.b2	Donor4_Rep2_R1.fastq.gz
Monocyte_1815-RH-1.phs001703v3p1.Homo_Sapiens.H3K27ac.b3	Donor3_Rep3_T2_R1.fastq.gz
Monocyte_1815-RH-1.phs001703v3p1.Homo_Sapiens.H3K27ac.b3	Donor3_Rep3_T1_R1.fastq.gz
CD8_Naive_1816-RH-1.phs001703v3p1.Homo_Sapiens.H3K27ac.b1	Donor4_Rep1_R1.fastq.gz
CD8_Naive_1814-RH-1.phs001703v3p1.Homo_Sapiens.H3K27ac.b3	Donor2_Rep3_T1_R1.fastq.gz
CD8_Naive_1814-RH-1.phs001703v3p1.Homo_Sapiens.H3K27ac.b3	Donor2_Rep3_T2_R1.fastq.gz
Nonclassical_Monocyte_1786.phs001703v4p1.Homo_Sapiens.H3K27ac.b1	1786_Run1_RH1_C50_L002_R1.fastq.gz
Nonclassical_Monocyte_1786.phs001703v4p1.Homo_Sapiens.H3K27ac.b1	1786_Run1_RH1_C50_L001_R1.fastq.gz
Monocyte_1831-RH-1.phs001703v3p1.Homo_Sapiens.H3K27ac.b1	Donor6_Rep1_R1.fastq.gz
Monocyte_1831-RH-1.phs001703v3p1.Homo_Sapiens.H3K27ac.b3	Donor6_Rep3_T2_R1.fastq.gz
Monocyte_1831-RH-1.phs001703v3p1.Homo_Sapiens.H3K27ac.b3	Donor6_Rep3_T1_R1.fastq.gz
Nonclassical_Monocyte_1786.phs001703v4p1.Homo_Sapiens.H3K27ac.b4	1786_Run4_RH1_C50_L003_R1.fastq.gz
Naive_B_1814-RH-1.phs001703v3p1.Homo_Sapiens.H3K27ac.b3	Donor2_Rep3_T2_R1.fastq.gz
Naive_B_1814-RH-1.phs001703v3p1.Homo_Sapiens.H3K27ac.b3	Donor2_Rep3_T1_R1.fastq.gz
CD4_Naive_1814-RH-1.phs001703v3p1.Homo_Sapiens.H3K27ac.b1	Donor2_Rep1_R1.fastq.gz
Naive_B_1814-RH-1.phs001703v3p1.Homo_Sapiens.H3K27ac.b2	Donor2_Rep2_R1.fastq.gz
Nonclassical_Monocyte_1814.phs001703v4p1.Homo_Sapiens.H3K27ac.b1	1814_Run1_RH1_C37_L002_R1.fastq.gz
Nonclassical_Monocyte_1814.phs001703v4p1.Homo_Sapiens.H3K27ac.b1	1814_Run1_RH1_C37_L001_R1.fastq.gz
Monocyte_1829-RH-1.phs001703v3p1.Homo_Sapiens.H3K27ac.b2	Donor5_Rep2_R1.fastq.gz
CD8_Naive_1831-RH-1.phs001703v3p1.Homo_Sapiens.H3K27ac.b2	Donor6_Rep2_R1.fastq.gz
Monocyte_1800-RH-1.phs001703v3p1.Homo_Sapiens.H3K27ac.b2	Donor1_Rep2_T2_R1.fastq.gz
Monocyte_1800-RH-1.phs001703v3p1.Homo_Sapiens.H3K27ac.b2	Donor1_Rep2_T1_R1.fastq.gz
CD8_Naive_1800-RH-1.phs001703v3p1.Homo_Sapiens.H3K27ac.b1	Donor1_Rep1_R1.fastq.gz
Nonclassical_Monocyte_1816.phs001703v4p1.Homo_Sapiens.H3K27ac.b4	1816_Run4_RH1_C39_L003_R1.fastq.gz
CD8_Naive_1829-RH-1.phs001703v3p1.Homo_Sapiens.H3K27ac.b1	Donor5_Rep1_R1.fastq.gz
CD8_Naive_1815-RH-1.phs001703v3p1.Homo_Sapiens.H3K27ac.b2	Donor3_Rep2_R1.fastq.gz
Monocyte_1831-RH-1.phs001703v3p1.Homo_Sapiens.H3K27ac.b2	Donor6_Rep2_R1.fastq.gz
Nonclassical_Monocyte_1800.phs001703v4p1.Homo_Sapiens.H3K27ac.b2	1800_Run2_RH1_C47_L002_R1.fastq.gz
Nonclassical_Monocyte_1800.phs001703v4p1.Homo_Sapiens.H3K27ac.b2	1800_Run2_RH1_C47_L004_R1.fastq.gz
Naive_B_1800-RH-1.phs001703v3p1.Homo_Sapiens.H3K27ac.b2	Donor1_Rep2_R1.fastq.gz
Monocyte_1814-RH-1.phs001703v3p1.Homo_Sapiens.H3K27ac.b2	Donor2_Rep2_T2_R1.fastq.gz
Monocyte_1814-RH-1.phs001703v3p1.Homo_Sapiens.H3K27ac.b2	Donor2_Rep2_T1_R1.fastq.gz
Naive_B_1816-RH-1.phs001703v3p1.Homo_Sapiens.H3K27ac.b3	Donor4_Rep3_T1_R1.fastq.gz
Naive_B_1816-RH-1.phs001703v3p1.Homo_Sapiens.H3K27ac.b3	Donor4_Rep3_T2_R1.fastq.gz
Naive_K_1800-RH-1.phs001703v3p1.Homo_Sapiens.H3K27ac.b3	Donor1_Rep3_T1_R1.fastq.gz
Naive_K_1800-RH-1.phs001703v3p1.Homo_Sapiens.H3K27ac.b3	Donor1_Rep3_T2_R1.fastq.gz
Nonclassical_Monocyte_1831.phs001703v4p1.Homo_Sapiens.H3K27ac.b3	1831_Run3_RH1_C48_L001_R1.fastq.gz
Naive_B_1814-RH-1.phs001703v3p1.Homo_Sapiens.H3K27ac.b1	Donor2_Rep1_R1.fastq.gz
CD4_Naive_1814-RH-1.phs001703v3p1.Homo_Sapiens.H3K27ac.b2	Donor2_Rep2_R1.fastq.gz
CD8_Naive_1816-RH-1.phs001703v3p1.Homo_Sapiens.H3K27ac.b3	Donor4_Rep3_T2_R1.fastq.gz
CD8_Naive_1816-RH-1.phs001703v3p1.Homo_Sapiens.H3K27ac.b3	Donor4_Rep3_T1_R1.fastq.gz
CD4_Naive_1815-RH-1.phs001703v3p1.Homo_Sapiens.H3K27ac.b1	Donor3_Rep1_T2_R1.fastq.gz
CD4_Naive_1815-RH-1.phs001703v3p1.Homo_Sapiens.H3K27ac.b1	Donor3_Rep1_T1_R1.fastq.gz
Nonclassical_Monocyte_1814.phs001703v4p1.Homo_Sapiens.H3K27ac.b4	1814_Run4_RH1_C37_L003_R1.fastq.gz
Naive_K_1814-RH-1.phs001703v3p1.Homo_Sapiens.H3K27ac.b2	Donor2_Rep2_R1.fastq.gz
Naive_B_1831-RH-1.phs001703v3p1.Homo_Sapiens.H3K27ac.b1	Donor6_Rep1_R1.fastq.gz
Naive_B_1800-RH-1.phs001703v3p1.Homo_Sapiens.H3K27ac.b3	Donor1_Rep3_T2_R1.fastq.gz
Naive_B_1800-RH-1.phs001703v3p1.Homo_Sapiens.H3K27ac.b3	Donor1_Rep3_T1_R1.fastq.gz
CD4_Naive_1800-RH-1.phs001703v3p1.Homo_Sapiens.H3K27ac.b3	Donor1_Rep3_T1_R1.fastq.gz
CD4_Naive_1800-RH-1.phs001703v3p1.Homo_Sapiens.H3K27ac.b3	Donor1_Rep3_T2_R1.fastq.gz
Nonclassical_Monocyte_1831.phs001703v4p1.Homo_Sapiens.H3K27ac.b2	1831_Run2_RH1_C48_L004_R1.fastq.gz
Nonclassical_Monocyte_1831.phs001703v4p1.Homo_Sapiens.H3K27ac.b2	1831_Run2_RH1_C48_L002_R1.fastq.gz
CD8_Naive_1829-RH-1.phs001703v3p1.Homo_Sapiens.H3K27ac.b2	Donor5_Rep2_R1.fastq.gz
Naive_K_1829-RH-1.phs001703v3p1.Homo_Sapiens.H3K27ac.b1	Donor5_Rep1_R1.fastq.gz
Naive_K_1831-RH-1.phs001703v3p1.Homo_Sapiens.H3K27ac.b1	Donor6_Rep1_R1.fastq.gz
CD8_Naive_1815-RH-1.phs001703v3p1.Homo_Sapiens.H3K27ac.b1	Donor3_Rep1_R1.fastq.gz
CD4_Naive_1815-RH-1.phs001703v3p1.Homo_Sapiens.H3K27ac.b2	Donor3_Rep2_T1_R1.fastq.gz
CD4_Naive_1815-RH-1.phs001703v3p1.Homo_Sapiens.H3K27ac.b2	Donor3_Rep2_T2_R1.fastq.gz
CD4_Naive_1831-RH-1.phs001703v3p1.Homo_Sapiens.H3K27ac.b2	Donor6_Rep2_T1_R1.fastq.gz
CD4_Naive_1831-RH-1.phs001703v3p1.Homo_Sapiens.H3K27ac.b2	Donor6_Rep2_T2_R1.fastq.gz
Naive_B_1800-RH-1.phs001703v3p1.Homo_Sapiens.H3K27ac.b1	Donor1_Rep1_R1.fastq.gz
Nonclassical_Monocyte_1814.phs001703v4p1.Homo_Sapiens.H3K27ac.b3	1814_Run3_RH1_C37_L001_R1.fastq.gz
CD8_Naive_1831-RH-1.phs001703v3p1.Homo_Sapiens.H3K27ac.b3	Donor6_Rep3_T1_R1.fastq.gz
CD8_Naive_1831-RH-1.phs001703v3p1.Homo_Sapiens.H3K27ac.b3	Donor6_Rep3_T2_R1.fastq.gz
Nonclassical_Monocyte_1786.phs001703v4p1.Homo_Sapiens.H3K27ac.b3	1786_Run3_RH1_C50_L001_R1.fastq.gz
Naive_B_1816-RH-1.phs001703v3p1.Homo_Sapiens.H3K27ac.b1	Donor4_Rep1_R1.fastq.gz
Naive_K_1831-RH-1.phs001703v3p1.Homo_Sapiens.H3K27ac.b2	Donor6_Rep2_R1.fastq.gz
Monocyte_1815-RH-1.phs001703v3p1.Homo_Sapiens.H3K27ac.b1	Donor3_Rep1_R1.fastq.gz
Naive_K_1815-RH-1.phs001703v3p1.Homo_Sapiens.H3K27ac.b1	Donor3_Rep1_R1.fastq.gz
Naive_K_1829-RH-1.phs001703v3p1.Homo_Sapiens.H3K27ac.b3	Donor5_Rep3_T1_R1.fastq.gz
Naive_K_1829-RH-1.phs001703v3p1.Homo_Sapiens.H3K27ac.b3	Donor5_Rep3_T2_R1.fastq.gz
Monocyte_1816-RH-1.phs001703v3p1.Homo_Sapiens.H3K27ac.b3	Donor4_Rep3_T2_R1.fastq.gz
Monocyte_1816-RH-1.phs001703v3p1.Homo_Sapiens.H3K27ac.b3	Donor4_Rep3_T4_R1.fastq.gz
Monocyte_1816-RH-1.phs001703v3p1.Homo_Sapiens.H3K27ac.b3	Donor4_Rep3_T1_R1.fastq.gz
Monocyte_1816-RH-1.phs001703v3p1.Homo_Sapiens.H3K27ac.b3	Donor4_Rep3_T3_R1.fastq.gz
Naive_K_1800-RH-1.phs001703v3p1.Homo_Sapiens.H3K27ac.b2	Donor1_Rep2_R1.fastq.gz
Naive_K_1815-RH-1.phs001703v3p1.Homo_Sapiens.H3K27ac.b2	Donor3_Rep2_R1.fastq.gz
CD4_Naive_1816-RH-1.phs001703v3p1.Homo_Sapiens.H3K27ac.b2	Donor4_Rep2_R1.fastq.gz
Nonclassical_Monocyte_1815.phs001703v4p1.Homo_Sapiens.H3K27ac.b2	1815_Run2_RH1_C38_L004_R1.fastq.gz
Nonclassical_Monocyte_1815.phs001703v4p1.Homo_Sapiens.H3K27ac.b2	1815_Run2_RH1_C38_L002_R1.fastq.gz
CD8_Naive_1800-RH-1.phs001703v3p1.Homo_Sapiens.H3K27ac.b2	Donor1_Rep2_R1.fastq.gz
Naive_B_1829-RH-1.phs001703v3p1.Homo_Sapiens.H3K27ac.b3	Donor5_Rep3_T1_R1.fastq.gz
Naive_B_1829-RH-1.phs001703v3p1.Homo_Sapiens.H3K27ac.b3	Donor5_Rep3_T2_R1.fastq.gz
Naive_K_1816-RH-1.phs001703v3p1.Homo_Sapiens.H3K27ac.b2	Donor4_Rep2_R1.fastq.gz
Naive_K_1814-RH-1.phs001703v3p1.Homo_Sapiens.H3K27ac.b1	Donor2_Rep1_R1.fastq.gz
CD4_Naive_1829-RH-1.phs001703v3p1.Homo_Sapiens.H3K27ac.b1	Donor5_Rep1_T1_R1.fastq.gz
CD4_Naive_1829-RH-1.phs001703v3p1.Homo_Sapiens.H3K27ac.b1	Donor5_Rep1_T2_R1.fastq.gz
Monocyte_1800-RH-1.phs001703v3p1.Homo_Sapiens.H3K27ac.b3	Donor1_Rep3_T2_R1.fastq.gz
Monocyte_1800-RH-1.phs001703v3p1.Homo_Sapiens.H3K27ac.b3	Donor1_Rep3_T4_R1.fastq.gz
Monocyte_1800-RH-1.phs001703v3p1.Homo_Sapiens.H3K27ac.b3	Donor1_Rep3_T1_R1.fastq.gz
Monocyte_1800-RH-1.phs001703v3p1.Homo_Sapiens.H3K27ac.b3	Donor1_Rep3_T3_R1.fastq.gz
Naive_B_1829-RH-1.phs001703v3p1.Homo_Sapiens.H3K27ac.b2	Donor5_Rep2_R1.fastq.gz
Nonclassical_Monocyte_1814.phs001703v4p1.Homo_Sapiens.H3K27ac.b2	1814_Run2_RH1_C37_L002_R1.fastq.gz
Monocyte_1814-RH-1.phs001703v3p1.Homo_Sapiens.H3K27ac.b3	Donor2_Rep3_T1_R1.fastq.gz
Monocyte_1814-RH-1.phs001703v3p1.Homo_Sapiens.H3K27ac.b3	Donor2_Rep3_T3_R1.fastq.gz
Monocyte_1814-RH-1.phs001703v3p1.Homo_Sapiens.H3K27ac.b3	Donor2_Rep3_T4_R1.fastq.gz
Monocyte_1814-RH-1.phs001703v3p1.Homo_Sapiens.H3K27ac.b3	Donor2_Rep3_T2_R1.fastq.gz
Nonclassical_Monocyte_1831.phs001703v4p1.Homo_Sapiens.H3K27ac.b1	1831_Run1_RH1_C48_L002_R1.fastq.gz
Nonclassical_Monocyte_1831.phs001703v4p1.Homo_Sapiens.H3K27ac.b1	1831_Run1_RH1_C48_L001_R1.fastq.gz
Naive_K_1829-RH-1.phs001703v3p1.Homo_Sapiens.H3K27ac.b2	Donor5_Rep2_R1.fastq.gz
Monocyte_1814-RH-1.phs001703v3p1.Homo_Sapiens.H3K27ac.b1	Donor2_Rep1_T1_R1.fastq.gz
Monocyte_1814-RH-1.phs001703v3p1.Homo_Sapiens.H3K27ac.b1	Donor2_Rep1_T2_R1.fastq.gz
CD8_Naive_1829-RH-1.phs001703v3p1.Homo_Sapiens.H3K27ac.b3	Donor5_Rep3_T2_R1.fastq.gz
CD8_Naive_1829-RH-1.phs001703v3p1.Homo_Sapiens.H3K27ac.b3	Donor5_Rep3_T1_R1.fastq.gz
Naive_K_1816-RH-1.phs001703v3p1.Homo_Sapiens.H3K27ac.b1	Donor4_Rep1_R1.fastq.gz
Naive_K_1831-RH-1.phs001703v3p1.Homo_Sapiens.H3K27ac.b3	Donor6_Rep3_T1_R1.fastq.gz
Naive_K_1831-RH-1.phs001703v3p1.Homo_Sapiens.H3K27ac.b3	Donor6_Rep3_T2_R1.fastq.gz
Naive_B_1831-RH-1.phs001703v3p1.Homo_Sapiens.H3K27ac.b3	Donor6_Rep3_T2_R1.fastq.gz
Naive_B_1831-RH-1.phs001703v3p1.Homo_Sapiens.H3K27ac.b3	Donor6_Rep3_T1_R1.fastq.gz
Naive_K_1816-RH-1.phs001703v3p1.Homo_Sapiens.H3K27ac.b3	Donor4_Rep3_T2_R1.fastq.gz
Naive_K_1816-RH-1.phs001703v3p1.Homo_Sapiens.H3K27ac.b3	Donor4_Rep3_T1_R1.fastq.gz
Naive_K_1814-RH-1.phs001703v3p1.Homo_Sapiens.H3K27ac.b3	Donor2_Rep3_T1_R1.fastq.gz
Naive_K_1814-RH-1.phs001703v3p1.Homo_Sapiens.H3K27ac.b3	Donor2_Rep3_T2_R1.fastq.gz
