A673-siCT-Dh1-72h-D347-D362.GSE156650.Homo_Sapiens.CTCF.b1	A673-siCT-Dh1-72h-D347-D362.GSE156650.Homo_Sapiens.CTCF.b2	A673-siCT-Dh1-72h-D347-D362.GSE156650.Homo_Sapiens.CTCF
A673-siSA2-Dh6-72h-D347-D362.GSE156650.Homo_Sapiens.CTCF.b1	A673-siSA2-Dh6-72h-D347-D362.GSE156650.Homo_Sapiens.CTCF.b2	A673-siSA2-Dh6-72h-D347-D362.GSE156650.Homo_Sapiens.CTCF
A673-siSA2-Dh8-72h-D347-D362.GSE156650.Homo_Sapiens.CTCF.b1	A673-siSA2-Dh8-72h-D347-D362.GSE156650.Homo_Sapiens.CTCF.b2	A673-siSA2-Dh8-72h-D347-D362.GSE156650.Homo_Sapiens.CTCF
A673_SA1m1.GSE133227.Homo_Sapiens.CTCF.b1	A673_SA1m1.GSE133227.Homo_Sapiens.CTCF.b2	A673_SA1m1.GSE133227.Homo_Sapiens.CTCF
A673_SA2m1.GSE133227.Homo_Sapiens.CTCF.b1	A673_SA2m1.GSE133227.Homo_Sapiens.CTCF.b2	A673_SA2m1.GSE133227.Homo_Sapiens.CTCF
A673_SA2m1.GSE133227.Homo_Sapiens.CTCF.b1	A673_SA2m1.GSE133227.Homo_Sapiens.CTCF.b3	A673_SA2m1.GSE133227.Homo_Sapiens.CTCF
A673_SA2m1.GSE133227.Homo_Sapiens.CTCF.b1	A673_SA2m1.GSE133227.Homo_Sapiens.CTCF.b4	A673_SA2m1.GSE133227.Homo_Sapiens.CTCF
A673_SA2m1.GSE133227.Homo_Sapiens.CTCF.b1	A673_SA2m1.GSE133227.Homo_Sapiens.CTCF.b5	A673_SA2m1.GSE133227.Homo_Sapiens.CTCF
A673_SA2m1.GSE133227.Homo_Sapiens.CTCF.b2	A673_SA2m1.GSE133227.Homo_Sapiens.CTCF.b3	A673_SA2m1.GSE133227.Homo_Sapiens.CTCF
A673_SA2m1.GSE133227.Homo_Sapiens.CTCF.b2	A673_SA2m1.GSE133227.Homo_Sapiens.CTCF.b4	A673_SA2m1.GSE133227.Homo_Sapiens.CTCF
A673_SA2m1.GSE133227.Homo_Sapiens.CTCF.b2	A673_SA2m1.GSE133227.Homo_Sapiens.CTCF.b5	A673_SA2m1.GSE133227.Homo_Sapiens.CTCF
A673_SA2m1.GSE133227.Homo_Sapiens.CTCF.b3	A673_SA2m1.GSE133227.Homo_Sapiens.CTCF.b4	A673_SA2m1.GSE133227.Homo_Sapiens.CTCF
A673_SA2m1.GSE133227.Homo_Sapiens.CTCF.b3	A673_SA2m1.GSE133227.Homo_Sapiens.CTCF.b5	A673_SA2m1.GSE133227.Homo_Sapiens.CTCF
A673_SA2m1.GSE133227.Homo_Sapiens.CTCF.b4	A673_SA2m1.GSE133227.Homo_Sapiens.CTCF.b5	A673_SA2m1.GSE133227.Homo_Sapiens.CTCF
A673_SA2m1.GSE133227.Homo_Sapiens.H3K27ac.b1	A673_SA2m1.GSE133227.Homo_Sapiens.H3K27ac.b2	A673_SA2m1.GSE133227.Homo_Sapiens.H3K27ac
A673_SA2m1.GSE133227.Homo_Sapiens.H3K27ac.b1	A673_SA2m1.GSE133227.Homo_Sapiens.H3K27ac.b3	A673_SA2m1.GSE133227.Homo_Sapiens.H3K27ac
A673_SA2m1.GSE133227.Homo_Sapiens.H3K27ac.b2	A673_SA2m1.GSE133227.Homo_Sapiens.H3K27ac.b3	A673_SA2m1.GSE133227.Homo_Sapiens.H3K27ac
A673_SA2r.GSE133227.Homo_Sapiens.CTCF.b1	A673_SA2r.GSE133227.Homo_Sapiens.CTCF.b2	A673_SA2r.GSE133227.Homo_Sapiens.CTCF
A673_SA2r.GSE133227.Homo_Sapiens.CTCF.b1	A673_SA2r.GSE133227.Homo_Sapiens.CTCF.b3	A673_SA2r.GSE133227.Homo_Sapiens.CTCF
A673_SA2r.GSE133227.Homo_Sapiens.CTCF.b2	A673_SA2r.GSE133227.Homo_Sapiens.CTCF.b3	A673_SA2r.GSE133227.Homo_Sapiens.CTCF
A673_SA2r.GSE133227.Homo_Sapiens.H3K27ac.b1	A673_SA2r.GSE133227.Homo_Sapiens.H3K27ac.b2	A673_SA2r.GSE133227.Homo_Sapiens.H3K27ac
A673_SA2r.GSE133227.Homo_Sapiens.H3K27ac.b1	A673_SA2r.GSE133227.Homo_Sapiens.H3K27ac.b3	A673_SA2r.GSE133227.Homo_Sapiens.H3K27ac
A673_SA2r.GSE133227.Homo_Sapiens.H3K27ac.b1	A673_SA2r.GSE133227.Homo_Sapiens.H3K27ac.b4	A673_SA2r.GSE133227.Homo_Sapiens.H3K27ac
A673_SA2r.GSE133227.Homo_Sapiens.H3K27ac.b1	A673_SA2r.GSE133227.Homo_Sapiens.H3K27ac.b5	A673_SA2r.GSE133227.Homo_Sapiens.H3K27ac
A673_SA2r.GSE133227.Homo_Sapiens.H3K27ac.b2	A673_SA2r.GSE133227.Homo_Sapiens.H3K27ac.b3	A673_SA2r.GSE133227.Homo_Sapiens.H3K27ac
A673_SA2r.GSE133227.Homo_Sapiens.H3K27ac.b2	A673_SA2r.GSE133227.Homo_Sapiens.H3K27ac.b4	A673_SA2r.GSE133227.Homo_Sapiens.H3K27ac
A673_SA2r.GSE133227.Homo_Sapiens.H3K27ac.b2	A673_SA2r.GSE133227.Homo_Sapiens.H3K27ac.b5	A673_SA2r.GSE133227.Homo_Sapiens.H3K27ac
A673_SA2r.GSE133227.Homo_Sapiens.H3K27ac.b3	A673_SA2r.GSE133227.Homo_Sapiens.H3K27ac.b4	A673_SA2r.GSE133227.Homo_Sapiens.H3K27ac
A673_SA2r.GSE133227.Homo_Sapiens.H3K27ac.b3	A673_SA2r.GSE133227.Homo_Sapiens.H3K27ac.b5	A673_SA2r.GSE133227.Homo_Sapiens.H3K27ac
A673_SA2r.GSE133227.Homo_Sapiens.H3K27ac.b4	A673_SA2r.GSE133227.Homo_Sapiens.H3K27ac.b5	A673_SA2r.GSE133227.Homo_Sapiens.H3K27ac
A673_WT.GSE133227.Homo_Sapiens.CTCF.b1	A673_WT.GSE133227.Homo_Sapiens.CTCF.b2	A673_WT.GSE133227.Homo_Sapiens.CTCF
A673_WT.GSE133227.Homo_Sapiens.CTCF.b1	A673_WT.GSE133227.Homo_Sapiens.CTCF.b3	A673_WT.GSE133227.Homo_Sapiens.CTCF
A673_WT.GSE133227.Homo_Sapiens.CTCF.b1	A673_WT.GSE133227.Homo_Sapiens.CTCF.b4	A673_WT.GSE133227.Homo_Sapiens.CTCF
A673_WT.GSE133227.Homo_Sapiens.CTCF.b1	A673_WT.GSE133227.Homo_Sapiens.CTCF.b5	A673_WT.GSE133227.Homo_Sapiens.CTCF
A673_WT.GSE133227.Homo_Sapiens.CTCF.b2	A673_WT.GSE133227.Homo_Sapiens.CTCF.b3	A673_WT.GSE133227.Homo_Sapiens.CTCF
A673_WT.GSE133227.Homo_Sapiens.CTCF.b2	A673_WT.GSE133227.Homo_Sapiens.CTCF.b4	A673_WT.GSE133227.Homo_Sapiens.CTCF
A673_WT.GSE133227.Homo_Sapiens.CTCF.b2	A673_WT.GSE133227.Homo_Sapiens.CTCF.b5	A673_WT.GSE133227.Homo_Sapiens.CTCF
A673_WT.GSE133227.Homo_Sapiens.CTCF.b3	A673_WT.GSE133227.Homo_Sapiens.CTCF.b4	A673_WT.GSE133227.Homo_Sapiens.CTCF
A673_WT.GSE133227.Homo_Sapiens.CTCF.b3	A673_WT.GSE133227.Homo_Sapiens.CTCF.b5	A673_WT.GSE133227.Homo_Sapiens.CTCF
A673_WT.GSE133227.Homo_Sapiens.CTCF.b4	A673_WT.GSE133227.Homo_Sapiens.CTCF.b5	A673_WT.GSE133227.Homo_Sapiens.CTCF
A673_WT.GSE133227.Homo_Sapiens.H3K27ac.b1	A673_WT.GSE133227.Homo_Sapiens.H3K27ac.b2	A673_WT.GSE133227.Homo_Sapiens.H3K27ac
A673_WT.GSE133227.Homo_Sapiens.H3K27ac.b1	A673_WT.GSE133227.Homo_Sapiens.H3K27ac.b3	A673_WT.GSE133227.Homo_Sapiens.H3K27ac
A673_WT.GSE133227.Homo_Sapiens.H3K27ac.b1	A673_WT.GSE133227.Homo_Sapiens.H3K27ac.b4	A673_WT.GSE133227.Homo_Sapiens.H3K27ac
A673_WT.GSE133227.Homo_Sapiens.H3K27ac.b2	A673_WT.GSE133227.Homo_Sapiens.H3K27ac.b3	A673_WT.GSE133227.Homo_Sapiens.H3K27ac
A673_WT.GSE133227.Homo_Sapiens.H3K27ac.b2	A673_WT.GSE133227.Homo_Sapiens.H3K27ac.b4	A673_WT.GSE133227.Homo_Sapiens.H3K27ac
A673_WT.GSE133227.Homo_Sapiens.H3K27ac.b3	A673_WT.GSE133227.Homo_Sapiens.H3K27ac.b4	A673_WT.GSE133227.Homo_Sapiens.H3K27ac
CAR-T-CD19-D10.GSE168881.Homo_Sapiens.H3K27ac.b1	CAR-T-CD19-D10.GSE168881.Homo_Sapiens.H3K27ac.b2	CAR-T-CD19-D10.GSE168881.Homo_Sapiens.H3K27ac
CAR-T-HA-D10.GSE168881.Homo_Sapiens.H3K27ac.b1	CAR-T-HA-D10.GSE168881.Homo_Sapiens.H3K27ac.b2	CAR-T-HA-D10.GSE168881.Homo_Sapiens.H3K27ac
CD4_Naive_1800-RH-1.phs001703v3p1.Homo_Sapiens.H3K27ac.b1	CD4_Naive_1800-RH-1.phs001703v3p1.Homo_Sapiens.H3K27ac.b2	CD4_Naive_1800-RH-1.phs001703v3p1.Homo_Sapiens.H3K27ac
CD4_Naive_1800-RH-1.phs001703v3p1.Homo_Sapiens.H3K27ac.b1	CD4_Naive_1800-RH-1.phs001703v3p1.Homo_Sapiens.H3K27ac.b3	CD4_Naive_1800-RH-1.phs001703v3p1.Homo_Sapiens.H3K27ac
CD4_Naive_1800-RH-1.phs001703v3p1.Homo_Sapiens.H3K27ac.b2	CD4_Naive_1800-RH-1.phs001703v3p1.Homo_Sapiens.H3K27ac.b3	CD4_Naive_1800-RH-1.phs001703v3p1.Homo_Sapiens.H3K27ac
CD4_Naive_1814-RH-1.phs001703v3p1.Homo_Sapiens.H3K27ac.b1	CD4_Naive_1814-RH-1.phs001703v3p1.Homo_Sapiens.H3K27ac.b2	CD4_Naive_1814-RH-1.phs001703v3p1.Homo_Sapiens.H3K27ac
CD4_Naive_1814-RH-1.phs001703v3p1.Homo_Sapiens.H3K27ac.b1	CD4_Naive_1814-RH-1.phs001703v3p1.Homo_Sapiens.H3K27ac.b3	CD4_Naive_1814-RH-1.phs001703v3p1.Homo_Sapiens.H3K27ac
CD4_Naive_1814-RH-1.phs001703v3p1.Homo_Sapiens.H3K27ac.b2	CD4_Naive_1814-RH-1.phs001703v3p1.Homo_Sapiens.H3K27ac.b3	CD4_Naive_1814-RH-1.phs001703v3p1.Homo_Sapiens.H3K27ac
CD4_Naive_1815-RH-1.phs001703v3p1.Homo_Sapiens.H3K27ac.b1	CD4_Naive_1815-RH-1.phs001703v3p1.Homo_Sapiens.H3K27ac.b2	CD4_Naive_1815-RH-1.phs001703v3p1.Homo_Sapiens.H3K27ac
CD4_Naive_1815-RH-1.phs001703v3p1.Homo_Sapiens.H3K27ac.b1	CD4_Naive_1815-RH-1.phs001703v3p1.Homo_Sapiens.H3K27ac.b3	CD4_Naive_1815-RH-1.phs001703v3p1.Homo_Sapiens.H3K27ac
CD4_Naive_1815-RH-1.phs001703v3p1.Homo_Sapiens.H3K27ac.b2	CD4_Naive_1815-RH-1.phs001703v3p1.Homo_Sapiens.H3K27ac.b3	CD4_Naive_1815-RH-1.phs001703v3p1.Homo_Sapiens.H3K27ac
CD4_Naive_1816-RH-1.phs001703v3p1.Homo_Sapiens.H3K27ac.b1	CD4_Naive_1816-RH-1.phs001703v3p1.Homo_Sapiens.H3K27ac.b2	CD4_Naive_1816-RH-1.phs001703v3p1.Homo_Sapiens.H3K27ac
CD4_Naive_1816-RH-1.phs001703v3p1.Homo_Sapiens.H3K27ac.b1	CD4_Naive_1816-RH-1.phs001703v3p1.Homo_Sapiens.H3K27ac.b3	CD4_Naive_1816-RH-1.phs001703v3p1.Homo_Sapiens.H3K27ac
CD4_Naive_1816-RH-1.phs001703v3p1.Homo_Sapiens.H3K27ac.b2	CD4_Naive_1816-RH-1.phs001703v3p1.Homo_Sapiens.H3K27ac.b3	CD4_Naive_1816-RH-1.phs001703v3p1.Homo_Sapiens.H3K27ac
CD4_Naive_1829-RH-1.phs001703v3p1.Homo_Sapiens.H3K27ac.b1	CD4_Naive_1829-RH-1.phs001703v3p1.Homo_Sapiens.H3K27ac.b2	CD4_Naive_1829-RH-1.phs001703v3p1.Homo_Sapiens.H3K27ac
CD4_Naive_1829-RH-1.phs001703v3p1.Homo_Sapiens.H3K27ac.b1	CD4_Naive_1829-RH-1.phs001703v3p1.Homo_Sapiens.H3K27ac.b3	CD4_Naive_1829-RH-1.phs001703v3p1.Homo_Sapiens.H3K27ac
CD4_Naive_1829-RH-1.phs001703v3p1.Homo_Sapiens.H3K27ac.b2	CD4_Naive_1829-RH-1.phs001703v3p1.Homo_Sapiens.H3K27ac.b3	CD4_Naive_1829-RH-1.phs001703v3p1.Homo_Sapiens.H3K27ac
CD4_Naive_1831-RH-1.phs001703v3p1.Homo_Sapiens.H3K27ac.b1	CD4_Naive_1831-RH-1.phs001703v3p1.Homo_Sapiens.H3K27ac.b2	CD4_Naive_1831-RH-1.phs001703v3p1.Homo_Sapiens.H3K27ac
CD4_Naive_1831-RH-1.phs001703v3p1.Homo_Sapiens.H3K27ac.b1	CD4_Naive_1831-RH-1.phs001703v3p1.Homo_Sapiens.H3K27ac.b3	CD4_Naive_1831-RH-1.phs001703v3p1.Homo_Sapiens.H3K27ac
CD4_Naive_1831-RH-1.phs001703v3p1.Homo_Sapiens.H3K27ac.b2	CD4_Naive_1831-RH-1.phs001703v3p1.Homo_Sapiens.H3K27ac.b3	CD4_Naive_1831-RH-1.phs001703v3p1.Homo_Sapiens.H3K27ac
CD8_Naive_1800-RH-1.phs001703v3p1.Homo_Sapiens.H3K27ac.b1	CD8_Naive_1800-RH-1.phs001703v3p1.Homo_Sapiens.H3K27ac.b2	CD8_Naive_1800-RH-1.phs001703v3p1.Homo_Sapiens.H3K27ac
CD8_Naive_1800-RH-1.phs001703v3p1.Homo_Sapiens.H3K27ac.b1	CD8_Naive_1800-RH-1.phs001703v3p1.Homo_Sapiens.H3K27ac.b3	CD8_Naive_1800-RH-1.phs001703v3p1.Homo_Sapiens.H3K27ac
CD8_Naive_1800-RH-1.phs001703v3p1.Homo_Sapiens.H3K27ac.b2	CD8_Naive_1800-RH-1.phs001703v3p1.Homo_Sapiens.H3K27ac.b3	CD8_Naive_1800-RH-1.phs001703v3p1.Homo_Sapiens.H3K27ac
CD8_Naive_1814-RH-1.phs001703v3p1.Homo_Sapiens.H3K27ac.b1	CD8_Naive_1814-RH-1.phs001703v3p1.Homo_Sapiens.H3K27ac.b2	CD8_Naive_1814-RH-1.phs001703v3p1.Homo_Sapiens.H3K27ac
CD8_Naive_1814-RH-1.phs001703v3p1.Homo_Sapiens.H3K27ac.b1	CD8_Naive_1814-RH-1.phs001703v3p1.Homo_Sapiens.H3K27ac.b3	CD8_Naive_1814-RH-1.phs001703v3p1.Homo_Sapiens.H3K27ac
CD8_Naive_1814-RH-1.phs001703v3p1.Homo_Sapiens.H3K27ac.b2	CD8_Naive_1814-RH-1.phs001703v3p1.Homo_Sapiens.H3K27ac.b3	CD8_Naive_1814-RH-1.phs001703v3p1.Homo_Sapiens.H3K27ac
CD8_Naive_1815-RH-1.phs001703v3p1.Homo_Sapiens.H3K27ac.b1	CD8_Naive_1815-RH-1.phs001703v3p1.Homo_Sapiens.H3K27ac.b2	CD8_Naive_1815-RH-1.phs001703v3p1.Homo_Sapiens.H3K27ac
CD8_Naive_1815-RH-1.phs001703v3p1.Homo_Sapiens.H3K27ac.b1	CD8_Naive_1815-RH-1.phs001703v3p1.Homo_Sapiens.H3K27ac.b3	CD8_Naive_1815-RH-1.phs001703v3p1.Homo_Sapiens.H3K27ac
CD8_Naive_1815-RH-1.phs001703v3p1.Homo_Sapiens.H3K27ac.b2	CD8_Naive_1815-RH-1.phs001703v3p1.Homo_Sapiens.H3K27ac.b3	CD8_Naive_1815-RH-1.phs001703v3p1.Homo_Sapiens.H3K27ac
CD8_Naive_1816-RH-1.phs001703v3p1.Homo_Sapiens.H3K27ac.b1	CD8_Naive_1816-RH-1.phs001703v3p1.Homo_Sapiens.H3K27ac.b2	CD8_Naive_1816-RH-1.phs001703v3p1.Homo_Sapiens.H3K27ac
CD8_Naive_1816-RH-1.phs001703v3p1.Homo_Sapiens.H3K27ac.b1	CD8_Naive_1816-RH-1.phs001703v3p1.Homo_Sapiens.H3K27ac.b3	CD8_Naive_1816-RH-1.phs001703v3p1.Homo_Sapiens.H3K27ac
CD8_Naive_1816-RH-1.phs001703v3p1.Homo_Sapiens.H3K27ac.b2	CD8_Naive_1816-RH-1.phs001703v3p1.Homo_Sapiens.H3K27ac.b3	CD8_Naive_1816-RH-1.phs001703v3p1.Homo_Sapiens.H3K27ac
CD8_Naive_1829-RH-1.phs001703v3p1.Homo_Sapiens.H3K27ac.b1	CD8_Naive_1829-RH-1.phs001703v3p1.Homo_Sapiens.H3K27ac.b2	CD8_Naive_1829-RH-1.phs001703v3p1.Homo_Sapiens.H3K27ac
CD8_Naive_1829-RH-1.phs001703v3p1.Homo_Sapiens.H3K27ac.b1	CD8_Naive_1829-RH-1.phs001703v3p1.Homo_Sapiens.H3K27ac.b3	CD8_Naive_1829-RH-1.phs001703v3p1.Homo_Sapiens.H3K27ac
CD8_Naive_1829-RH-1.phs001703v3p1.Homo_Sapiens.H3K27ac.b2	CD8_Naive_1829-RH-1.phs001703v3p1.Homo_Sapiens.H3K27ac.b3	CD8_Naive_1829-RH-1.phs001703v3p1.Homo_Sapiens.H3K27ac
CD8_Naive_1831-RH-1.phs001703v3p1.Homo_Sapiens.H3K27ac.b1	CD8_Naive_1831-RH-1.phs001703v3p1.Homo_Sapiens.H3K27ac.b2	CD8_Naive_1831-RH-1.phs001703v3p1.Homo_Sapiens.H3K27ac
CD8_Naive_1831-RH-1.phs001703v3p1.Homo_Sapiens.H3K27ac.b1	CD8_Naive_1831-RH-1.phs001703v3p1.Homo_Sapiens.H3K27ac.b3	CD8_Naive_1831-RH-1.phs001703v3p1.Homo_Sapiens.H3K27ac
CD8_Naive_1831-RH-1.phs001703v3p1.Homo_Sapiens.H3K27ac.b2	CD8_Naive_1831-RH-1.phs001703v3p1.Homo_Sapiens.H3K27ac.b3	CD8_Naive_1831-RH-1.phs001703v3p1.Homo_Sapiens.H3K27ac
CTL.GSE117888.Homo_Sapiens.H3K27ac.b1	CTL.GSE117888.Homo_Sapiens.H3K27ac.b2	CTL.GSE117888.Homo_Sapiens.H3K27ac
Caudate.GSE147672.Homo_Sapiens.H3K27ac.b1	Caudate.GSE147672.Homo_Sapiens.H3K27ac.b2	Caudate.GSE147672.Homo_Sapiens.H3K27ac
DEX.GSE117888.Homo_Sapiens.H3K27ac.b1	DEX.GSE117888.Homo_Sapiens.H3K27ac.b2	DEX.GSE117888.Homo_Sapiens.H3K27ac
DND41-DMSO.GSE173871.Homo_Sapiens.SMC1A.b1	DND41-DMSO.GSE173871.Homo_Sapiens.SMC1A.b2	DND41-DMSO.GSE173871.Homo_Sapiens.SMC1A
DND41-Resistant.GSE173871.Homo_Sapiens.SMC1A.b1	DND41-Resistant.GSE173871.Homo_Sapiens.SMC1A.b2	DND41-Resistant.GSE173871.Homo_Sapiens.SMC1A
DND41.GSE165207.Homo_Sapiens.H3K27ac.b1	DND41.GSE165207.Homo_Sapiens.H3K27ac.b2	DND41.GSE165207.Homo_Sapiens.H3K27ac
GM12878.GSE101498.Homo_Sapiens.H3K27ac.b1	GM12878.GSE101498.Homo_Sapiens.H3K27ac.b2	GM12878.GSE101498.Homo_Sapiens.H3K27ac
GM12878.GSE115524.Homo_Sapiens.CTCF.b1	GM12878.GSE115524.Homo_Sapiens.CTCF.b2	GM12878.GSE115524.Homo_Sapiens.CTCF
GM12878.GSE80820.Homo_Sapiens.SMC1A.b1	GM12878.GSE80820.Homo_Sapiens.SMC1A.b2	GM12878.GSE80820.Homo_Sapiens.SMC1A
HeLa-S3-shBHLHE40.GSE137849.Homo_Sapiens.CTCF.b1	HeLa-S3-shBHLHE40.GSE137849.Homo_Sapiens.CTCF.b2	HeLa-S3-shBHLHE40.GSE137849.Homo_Sapiens.CTCF
HeLa-S3-shcontrol.GSE137849.Homo_Sapiens.CTCF.b1	HeLa-S3-shcontrol.GSE137849.Homo_Sapiens.CTCF.b2	HeLa-S3-shcontrol.GSE137849.Homo_Sapiens.CTCF
Hela-S3-Control.GSE108869.Homo_Sapiens.CTCF.b1	Hela-S3-Control.GSE108869.Homo_Sapiens.CTCF.b2	Hela-S3-Control.GSE108869.Homo_Sapiens.CTCF
Hela-S3-OE.GSE108869.Homo_Sapiens.CTCF.b1	Hela-S3-OE.GSE108869.Homo_Sapiens.CTCF.b2	Hela-S3-OE.GSE108869.Homo_Sapiens.CTCF
Hippocampus.GSE147672.Homo_Sapiens.H3K27ac.b1	Hippocampus.GSE147672.Homo_Sapiens.H3K27ac.b2	Hippocampus.GSE147672.Homo_Sapiens.H3K27ac
K562.GSE101498.Homo_Sapiens.H3K27ac.b1	K562.GSE101498.Homo_Sapiens.H3K27ac.b2	K562.GSE101498.Homo_Sapiens.H3K27ac
K562.GSE101498.Homo_Sapiens.H3K27ac.b1	K562.GSE101498.Homo_Sapiens.H3K27ac.b3	K562.GSE101498.Homo_Sapiens.H3K27ac
K562.GSE101498.Homo_Sapiens.H3K27ac.b2	K562.GSE101498.Homo_Sapiens.H3K27ac.b3	K562.GSE101498.Homo_Sapiens.H3K27ac
KBM7-MED14-dTAG_2h_DMSO.GSE139466.Homo_Sapiens.H3K27ac.b1	KBM7-MED14-dTAG_2h_DMSO.GSE139466.Homo_Sapiens.H3K27ac.b2	KBM7-MED14-dTAG_2h_DMSO.GSE139466.Homo_Sapiens.H3K27ac
KBM7-MED14-dTAG_2h_dTAG7.GSE139466.Homo_Sapiens.H3K27ac.b1	KBM7-MED14-dTAG_2h_dTAG7.GSE139466.Homo_Sapiens.H3K27ac.b2	KBM7-MED14-dTAG_2h_dTAG7.GSE139466.Homo_Sapiens.H3K27ac
Kelly-Res-50I.GSE126792.Homo_Sapiens.SMC1A.b1	Kelly-Res-50I.GSE126792.Homo_Sapiens.SMC1A.b2	Kelly-Res-50I.GSE126792.Homo_Sapiens.SMC1A
Kelly-Res-50I.GSE126792.Homo_Sapiens.SMC1A.b1	Kelly-Res-50I.GSE126792.Homo_Sapiens.SMC1A.b3	Kelly-Res-50I.GSE126792.Homo_Sapiens.SMC1A
Kelly-Res-50I.GSE126792.Homo_Sapiens.SMC1A.b2	Kelly-Res-50I.GSE126792.Homo_Sapiens.SMC1A.b3	Kelly-Res-50I.GSE126792.Homo_Sapiens.SMC1A
Kelly-Res-shBORIS.GSE126792.Homo_Sapiens.SMC1A.b1	Kelly-Res-shBORIS.GSE126792.Homo_Sapiens.SMC1A.b2	Kelly-Res-shBORIS.GSE126792.Homo_Sapiens.SMC1A
Kelly-Res-shBORIS.GSE126792.Homo_Sapiens.SMC1A.b1	Kelly-Res-shBORIS.GSE126792.Homo_Sapiens.SMC1A.b3	Kelly-Res-shBORIS.GSE126792.Homo_Sapiens.SMC1A
Kelly-Res-shBORIS.GSE126792.Homo_Sapiens.SMC1A.b2	Kelly-Res-shBORIS.GSE126792.Homo_Sapiens.SMC1A.b3	Kelly-Res-shBORIS.GSE126792.Homo_Sapiens.SMC1A
Kelly-Res-shGFP.GSE126792.Homo_Sapiens.SMC1A.b1	Kelly-Res-shGFP.GSE126792.Homo_Sapiens.SMC1A.b2	Kelly-Res-shGFP.GSE126792.Homo_Sapiens.SMC1A
Kelly-Res-shGFP.GSE126792.Homo_Sapiens.SMC1A.b1	Kelly-Res-shGFP.GSE126792.Homo_Sapiens.SMC1A.b3	Kelly-Res-shGFP.GSE126792.Homo_Sapiens.SMC1A
Kelly-Res-shGFP.GSE126792.Homo_Sapiens.SMC1A.b2	Kelly-Res-shGFP.GSE126792.Homo_Sapiens.SMC1A.b3	Kelly-Res-shGFP.GSE126792.Homo_Sapiens.SMC1A
Kelly-Sens-50I.GSE126792.Homo_Sapiens.SMC1A.b1	Kelly-Sens-50I.GSE126792.Homo_Sapiens.SMC1A.b2	Kelly-Sens-50I.GSE126792.Homo_Sapiens.SMC1A
Kelly-Sens-50I.GSE126792.Homo_Sapiens.SMC1A.b1	Kelly-Sens-50I.GSE126792.Homo_Sapiens.SMC1A.b3	Kelly-Sens-50I.GSE126792.Homo_Sapiens.SMC1A
Kelly-Sens-50I.GSE126792.Homo_Sapiens.SMC1A.b2	Kelly-Sens-50I.GSE126792.Homo_Sapiens.SMC1A.b3	Kelly-Sens-50I.GSE126792.Homo_Sapiens.SMC1A
M14-STAG2-KD.GSE156772.Homo_Sapiens.H3K27ac.b1	M14-STAG2-KD.GSE156772.Homo_Sapiens.H3K27ac.b2	M14-STAG2-KD.GSE156772.Homo_Sapiens.H3K27ac
M14-WT.GSE156772.Homo_Sapiens.H3K27ac.b1	M14-WT.GSE156772.Homo_Sapiens.H3K27ac.b2	M14-WT.GSE156772.Homo_Sapiens.H3K27ac
MDA-MB-231-PVT1sgRNAR2.GSE97585.Homo_Sapiens.H3K27ac.b1	MDA-MB-231-PVT1sgRNAR2.GSE97585.Homo_Sapiens.H3K27ac.b2	MDA-MB-231-PVT1sgRNAR2.GSE97585.Homo_Sapiens.H3K27ac
MDA-MB-231-PVT1sgRNAR3.GSE97585.Homo_Sapiens.H3K27ac.b1	MDA-MB-231-PVT1sgRNAR3.GSE97585.Homo_Sapiens.H3K27ac.b2	MDA-MB-231-PVT1sgRNAR3.GSE97585.Homo_Sapiens.H3K27ac
MDA-MB-231-sgRNA-Ctrl.GSE97585.Homo_Sapiens.H3K27ac.b1	MDA-MB-231-sgRNA-Ctrl.GSE97585.Homo_Sapiens.H3K27ac.b2	MDA-MB-231-sgRNA-Ctrl.GSE97585.Homo_Sapiens.H3K27ac
Middle-Frontal-Gyrus.GSE147672.Homo_Sapiens.H3K27ac.b1	Middle-Frontal-Gyrus.GSE147672.Homo_Sapiens.H3K27ac.b2	Middle-Frontal-Gyrus.GSE147672.Homo_Sapiens.H3K27ac
Monocyte_1800-RH-1.phs001703v3p1.Homo_Sapiens.H3K27ac.b1	Monocyte_1800-RH-1.phs001703v3p1.Homo_Sapiens.H3K27ac.b2	Monocyte_1800-RH-1.phs001703v3p1.Homo_Sapiens.H3K27ac
Monocyte_1800-RH-1.phs001703v3p1.Homo_Sapiens.H3K27ac.b1	Monocyte_1800-RH-1.phs001703v3p1.Homo_Sapiens.H3K27ac.b3	Monocyte_1800-RH-1.phs001703v3p1.Homo_Sapiens.H3K27ac
Monocyte_1800-RH-1.phs001703v3p1.Homo_Sapiens.H3K27ac.b2	Monocyte_1800-RH-1.phs001703v3p1.Homo_Sapiens.H3K27ac.b3	Monocyte_1800-RH-1.phs001703v3p1.Homo_Sapiens.H3K27ac
Monocyte_1814-RH-1.phs001703v3p1.Homo_Sapiens.H3K27ac.b1	Monocyte_1814-RH-1.phs001703v3p1.Homo_Sapiens.H3K27ac.b2	Monocyte_1814-RH-1.phs001703v3p1.Homo_Sapiens.H3K27ac
Monocyte_1814-RH-1.phs001703v3p1.Homo_Sapiens.H3K27ac.b1	Monocyte_1814-RH-1.phs001703v3p1.Homo_Sapiens.H3K27ac.b3	Monocyte_1814-RH-1.phs001703v3p1.Homo_Sapiens.H3K27ac
Monocyte_1814-RH-1.phs001703v3p1.Homo_Sapiens.H3K27ac.b2	Monocyte_1814-RH-1.phs001703v3p1.Homo_Sapiens.H3K27ac.b3	Monocyte_1814-RH-1.phs001703v3p1.Homo_Sapiens.H3K27ac
Monocyte_1815-RH-1.phs001703v3p1.Homo_Sapiens.H3K27ac.b1	Monocyte_1815-RH-1.phs001703v3p1.Homo_Sapiens.H3K27ac.b2	Monocyte_1815-RH-1.phs001703v3p1.Homo_Sapiens.H3K27ac
Monocyte_1815-RH-1.phs001703v3p1.Homo_Sapiens.H3K27ac.b1	Monocyte_1815-RH-1.phs001703v3p1.Homo_Sapiens.H3K27ac.b3	Monocyte_1815-RH-1.phs001703v3p1.Homo_Sapiens.H3K27ac
Monocyte_1815-RH-1.phs001703v3p1.Homo_Sapiens.H3K27ac.b2	Monocyte_1815-RH-1.phs001703v3p1.Homo_Sapiens.H3K27ac.b3	Monocyte_1815-RH-1.phs001703v3p1.Homo_Sapiens.H3K27ac
Monocyte_1816-RH-1.phs001703v3p1.Homo_Sapiens.H3K27ac.b1	Monocyte_1816-RH-1.phs001703v3p1.Homo_Sapiens.H3K27ac.b2	Monocyte_1816-RH-1.phs001703v3p1.Homo_Sapiens.H3K27ac
Monocyte_1816-RH-1.phs001703v3p1.Homo_Sapiens.H3K27ac.b1	Monocyte_1816-RH-1.phs001703v3p1.Homo_Sapiens.H3K27ac.b3	Monocyte_1816-RH-1.phs001703v3p1.Homo_Sapiens.H3K27ac
Monocyte_1816-RH-1.phs001703v3p1.Homo_Sapiens.H3K27ac.b2	Monocyte_1816-RH-1.phs001703v3p1.Homo_Sapiens.H3K27ac.b3	Monocyte_1816-RH-1.phs001703v3p1.Homo_Sapiens.H3K27ac
Monocyte_1829-RH-1.phs001703v3p1.Homo_Sapiens.H3K27ac.b1	Monocyte_1829-RH-1.phs001703v3p1.Homo_Sapiens.H3K27ac.b2	Monocyte_1829-RH-1.phs001703v3p1.Homo_Sapiens.H3K27ac
Monocyte_1829-RH-1.phs001703v3p1.Homo_Sapiens.H3K27ac.b1	Monocyte_1829-RH-1.phs001703v3p1.Homo_Sapiens.H3K27ac.b3	Monocyte_1829-RH-1.phs001703v3p1.Homo_Sapiens.H3K27ac
Monocyte_1829-RH-1.phs001703v3p1.Homo_Sapiens.H3K27ac.b2	Monocyte_1829-RH-1.phs001703v3p1.Homo_Sapiens.H3K27ac.b3	Monocyte_1829-RH-1.phs001703v3p1.Homo_Sapiens.H3K27ac
Monocyte_1831-RH-1.phs001703v3p1.Homo_Sapiens.H3K27ac.b1	Monocyte_1831-RH-1.phs001703v3p1.Homo_Sapiens.H3K27ac.b2	Monocyte_1831-RH-1.phs001703v3p1.Homo_Sapiens.H3K27ac
Monocyte_1831-RH-1.phs001703v3p1.Homo_Sapiens.H3K27ac.b1	Monocyte_1831-RH-1.phs001703v3p1.Homo_Sapiens.H3K27ac.b3	Monocyte_1831-RH-1.phs001703v3p1.Homo_Sapiens.H3K27ac
Monocyte_1831-RH-1.phs001703v3p1.Homo_Sapiens.H3K27ac.b2	Monocyte_1831-RH-1.phs001703v3p1.Homo_Sapiens.H3K27ac.b3	Monocyte_1831-RH-1.phs001703v3p1.Homo_Sapiens.H3K27ac
MyLa.GSE101498.Homo_Sapiens.H3K27ac.b1	MyLa.GSE101498.Homo_Sapiens.H3K27ac.b2	MyLa.GSE101498.Homo_Sapiens.H3K27ac
NSD2-High-NTKO.GSE131651.Homo_Sapiens.CTCF.b1	NSD2-High-NTKO.GSE131651.Homo_Sapiens.CTCF.b2	NSD2-High-NTKO.GSE131651.Homo_Sapiens.CTCF
NSD2-High-NTKO.GSE131651.Homo_Sapiens.CTCF.b1	NSD2-High-NTKO.GSE131651.Homo_Sapiens.CTCF.b3	NSD2-High-NTKO.GSE131651.Homo_Sapiens.CTCF
NSD2-High-NTKO.GSE131651.Homo_Sapiens.CTCF.b2	NSD2-High-NTKO.GSE131651.Homo_Sapiens.CTCF.b3	NSD2-High-NTKO.GSE131651.Homo_Sapiens.CTCF
NSD2-Low-TKO.GSE131651.Homo_Sapiens.CTCF.b1	NSD2-Low-TKO.GSE131651.Homo_Sapiens.CTCF.b2	NSD2-Low-TKO.GSE131651.Homo_Sapiens.CTCF
NSD2-Low-TKO.GSE131651.Homo_Sapiens.CTCF.b1	NSD2-Low-TKO.GSE131651.Homo_Sapiens.CTCF.b3	NSD2-Low-TKO.GSE131651.Homo_Sapiens.CTCF
NSD2-Low-TKO.GSE131651.Homo_Sapiens.CTCF.b2	NSD2-Low-TKO.GSE131651.Homo_Sapiens.CTCF.b3	NSD2-Low-TKO.GSE131651.Homo_Sapiens.CTCF
Naive_B_1800-RH-1.phs001703v3p1.Homo_Sapiens.H3K27ac.b1	Naive_B_1800-RH-1.phs001703v3p1.Homo_Sapiens.H3K27ac.b2	Naive_B_1800-RH-1.phs001703v3p1.Homo_Sapiens.H3K27ac
Naive_B_1800-RH-1.phs001703v3p1.Homo_Sapiens.H3K27ac.b1	Naive_B_1800-RH-1.phs001703v3p1.Homo_Sapiens.H3K27ac.b3	Naive_B_1800-RH-1.phs001703v3p1.Homo_Sapiens.H3K27ac
Naive_B_1800-RH-1.phs001703v3p1.Homo_Sapiens.H3K27ac.b2	Naive_B_1800-RH-1.phs001703v3p1.Homo_Sapiens.H3K27ac.b3	Naive_B_1800-RH-1.phs001703v3p1.Homo_Sapiens.H3K27ac
Naive_B_1814-RH-1.phs001703v3p1.Homo_Sapiens.H3K27ac.b1	Naive_B_1814-RH-1.phs001703v3p1.Homo_Sapiens.H3K27ac.b2	Naive_B_1814-RH-1.phs001703v3p1.Homo_Sapiens.H3K27ac
Naive_B_1814-RH-1.phs001703v3p1.Homo_Sapiens.H3K27ac.b1	Naive_B_1814-RH-1.phs001703v3p1.Homo_Sapiens.H3K27ac.b3	Naive_B_1814-RH-1.phs001703v3p1.Homo_Sapiens.H3K27ac
Naive_B_1814-RH-1.phs001703v3p1.Homo_Sapiens.H3K27ac.b2	Naive_B_1814-RH-1.phs001703v3p1.Homo_Sapiens.H3K27ac.b3	Naive_B_1814-RH-1.phs001703v3p1.Homo_Sapiens.H3K27ac
Naive_B_1815-RH-1.phs001703v3p1.Homo_Sapiens.H3K27ac.b1	Naive_B_1815-RH-1.phs001703v3p1.Homo_Sapiens.H3K27ac.b2	Naive_B_1815-RH-1.phs001703v3p1.Homo_Sapiens.H3K27ac
Naive_B_1815-RH-1.phs001703v3p1.Homo_Sapiens.H3K27ac.b1	Naive_B_1815-RH-1.phs001703v3p1.Homo_Sapiens.H3K27ac.b3	Naive_B_1815-RH-1.phs001703v3p1.Homo_Sapiens.H3K27ac
Naive_B_1815-RH-1.phs001703v3p1.Homo_Sapiens.H3K27ac.b2	Naive_B_1815-RH-1.phs001703v3p1.Homo_Sapiens.H3K27ac.b3	Naive_B_1815-RH-1.phs001703v3p1.Homo_Sapiens.H3K27ac
Naive_B_1816-RH-1.phs001703v3p1.Homo_Sapiens.H3K27ac.b1	Naive_B_1816-RH-1.phs001703v3p1.Homo_Sapiens.H3K27ac.b2	Naive_B_1816-RH-1.phs001703v3p1.Homo_Sapiens.H3K27ac
Naive_B_1816-RH-1.phs001703v3p1.Homo_Sapiens.H3K27ac.b1	Naive_B_1816-RH-1.phs001703v3p1.Homo_Sapiens.H3K27ac.b3	Naive_B_1816-RH-1.phs001703v3p1.Homo_Sapiens.H3K27ac
Naive_B_1816-RH-1.phs001703v3p1.Homo_Sapiens.H3K27ac.b2	Naive_B_1816-RH-1.phs001703v3p1.Homo_Sapiens.H3K27ac.b3	Naive_B_1816-RH-1.phs001703v3p1.Homo_Sapiens.H3K27ac
Naive_B_1829-RH-1.phs001703v3p1.Homo_Sapiens.H3K27ac.b1	Naive_B_1829-RH-1.phs001703v3p1.Homo_Sapiens.H3K27ac.b2	Naive_B_1829-RH-1.phs001703v3p1.Homo_Sapiens.H3K27ac
Naive_B_1829-RH-1.phs001703v3p1.Homo_Sapiens.H3K27ac.b1	Naive_B_1829-RH-1.phs001703v3p1.Homo_Sapiens.H3K27ac.b3	Naive_B_1829-RH-1.phs001703v3p1.Homo_Sapiens.H3K27ac
Naive_B_1829-RH-1.phs001703v3p1.Homo_Sapiens.H3K27ac.b2	Naive_B_1829-RH-1.phs001703v3p1.Homo_Sapiens.H3K27ac.b3	Naive_B_1829-RH-1.phs001703v3p1.Homo_Sapiens.H3K27ac
Naive_B_1831-RH-1.phs001703v3p1.Homo_Sapiens.H3K27ac.b1	Naive_B_1831-RH-1.phs001703v3p1.Homo_Sapiens.H3K27ac.b2	Naive_B_1831-RH-1.phs001703v3p1.Homo_Sapiens.H3K27ac
Naive_B_1831-RH-1.phs001703v3p1.Homo_Sapiens.H3K27ac.b1	Naive_B_1831-RH-1.phs001703v3p1.Homo_Sapiens.H3K27ac.b3	Naive_B_1831-RH-1.phs001703v3p1.Homo_Sapiens.H3K27ac
Naive_B_1831-RH-1.phs001703v3p1.Homo_Sapiens.H3K27ac.b2	Naive_B_1831-RH-1.phs001703v3p1.Homo_Sapiens.H3K27ac.b3	Naive_B_1831-RH-1.phs001703v3p1.Homo_Sapiens.H3K27ac
Naive_K_1800-RH-1.phs001703v3p1.Homo_Sapiens.H3K27ac.b1	Naive_K_1800-RH-1.phs001703v3p1.Homo_Sapiens.H3K27ac.b2	Naive_K_1800-RH-1.phs001703v3p1.Homo_Sapiens.H3K27ac
Naive_K_1800-RH-1.phs001703v3p1.Homo_Sapiens.H3K27ac.b1	Naive_K_1800-RH-1.phs001703v3p1.Homo_Sapiens.H3K27ac.b3	Naive_K_1800-RH-1.phs001703v3p1.Homo_Sapiens.H3K27ac
Naive_K_1800-RH-1.phs001703v3p1.Homo_Sapiens.H3K27ac.b2	Naive_K_1800-RH-1.phs001703v3p1.Homo_Sapiens.H3K27ac.b3	Naive_K_1800-RH-1.phs001703v3p1.Homo_Sapiens.H3K27ac
Naive_K_1814-RH-1.phs001703v3p1.Homo_Sapiens.H3K27ac.b1	Naive_K_1814-RH-1.phs001703v3p1.Homo_Sapiens.H3K27ac.b2	Naive_K_1814-RH-1.phs001703v3p1.Homo_Sapiens.H3K27ac
Naive_K_1814-RH-1.phs001703v3p1.Homo_Sapiens.H3K27ac.b1	Naive_K_1814-RH-1.phs001703v3p1.Homo_Sapiens.H3K27ac.b3	Naive_K_1814-RH-1.phs001703v3p1.Homo_Sapiens.H3K27ac
Naive_K_1814-RH-1.phs001703v3p1.Homo_Sapiens.H3K27ac.b2	Naive_K_1814-RH-1.phs001703v3p1.Homo_Sapiens.H3K27ac.b3	Naive_K_1814-RH-1.phs001703v3p1.Homo_Sapiens.H3K27ac
Naive_K_1815-RH-1.phs001703v3p1.Homo_Sapiens.H3K27ac.b1	Naive_K_1815-RH-1.phs001703v3p1.Homo_Sapiens.H3K27ac.b2	Naive_K_1815-RH-1.phs001703v3p1.Homo_Sapiens.H3K27ac
Naive_K_1815-RH-1.phs001703v3p1.Homo_Sapiens.H3K27ac.b1	Naive_K_1815-RH-1.phs001703v3p1.Homo_Sapiens.H3K27ac.b3	Naive_K_1815-RH-1.phs001703v3p1.Homo_Sapiens.H3K27ac
Naive_K_1815-RH-1.phs001703v3p1.Homo_Sapiens.H3K27ac.b2	Naive_K_1815-RH-1.phs001703v3p1.Homo_Sapiens.H3K27ac.b3	Naive_K_1815-RH-1.phs001703v3p1.Homo_Sapiens.H3K27ac
Naive_K_1816-RH-1.phs001703v3p1.Homo_Sapiens.H3K27ac.b1	Naive_K_1816-RH-1.phs001703v3p1.Homo_Sapiens.H3K27ac.b2	Naive_K_1816-RH-1.phs001703v3p1.Homo_Sapiens.H3K27ac
Naive_K_1816-RH-1.phs001703v3p1.Homo_Sapiens.H3K27ac.b1	Naive_K_1816-RH-1.phs001703v3p1.Homo_Sapiens.H3K27ac.b3	Naive_K_1816-RH-1.phs001703v3p1.Homo_Sapiens.H3K27ac
Naive_K_1816-RH-1.phs001703v3p1.Homo_Sapiens.H3K27ac.b2	Naive_K_1816-RH-1.phs001703v3p1.Homo_Sapiens.H3K27ac.b3	Naive_K_1816-RH-1.phs001703v3p1.Homo_Sapiens.H3K27ac
Naive_K_1829-RH-1.phs001703v3p1.Homo_Sapiens.H3K27ac.b1	Naive_K_1829-RH-1.phs001703v3p1.Homo_Sapiens.H3K27ac.b2	Naive_K_1829-RH-1.phs001703v3p1.Homo_Sapiens.H3K27ac
Naive_K_1829-RH-1.phs001703v3p1.Homo_Sapiens.H3K27ac.b1	Naive_K_1829-RH-1.phs001703v3p1.Homo_Sapiens.H3K27ac.b3	Naive_K_1829-RH-1.phs001703v3p1.Homo_Sapiens.H3K27ac
Naive_K_1829-RH-1.phs001703v3p1.Homo_Sapiens.H3K27ac.b2	Naive_K_1829-RH-1.phs001703v3p1.Homo_Sapiens.H3K27ac.b3	Naive_K_1829-RH-1.phs001703v3p1.Homo_Sapiens.H3K27ac
Naive_K_1831-RH-1.phs001703v3p1.Homo_Sapiens.H3K27ac.b1	Naive_K_1831-RH-1.phs001703v3p1.Homo_Sapiens.H3K27ac.b2	Naive_K_1831-RH-1.phs001703v3p1.Homo_Sapiens.H3K27ac
Naive_K_1831-RH-1.phs001703v3p1.Homo_Sapiens.H3K27ac.b1	Naive_K_1831-RH-1.phs001703v3p1.Homo_Sapiens.H3K27ac.b3	Naive_K_1831-RH-1.phs001703v3p1.Homo_Sapiens.H3K27ac
Naive_K_1831-RH-1.phs001703v3p1.Homo_Sapiens.H3K27ac.b2	Naive_K_1831-RH-1.phs001703v3p1.Homo_Sapiens.H3K27ac.b3	Naive_K_1831-RH-1.phs001703v3p1.Homo_Sapiens.H3K27ac
Naive_Tcells.GSE101498.Homo_Sapiens.CTCF.b1	Naive_Tcells.GSE101498.Homo_Sapiens.CTCF.b2	Naive_Tcells.GSE101498.Homo_Sapiens.CTCF
Naive_Tcells.GSE101498.Homo_Sapiens.H3K27ac.b1	Naive_Tcells.GSE101498.Homo_Sapiens.H3K27ac.b2	Naive_Tcells.GSE101498.Homo_Sapiens.H3K27ac
Naive_Tcells.GSE101498.Homo_Sapiens.H3K27ac.b1	Naive_Tcells.GSE101498.Homo_Sapiens.H3K27ac.b3	Naive_Tcells.GSE101498.Homo_Sapiens.H3K27ac
Naive_Tcells.GSE101498.Homo_Sapiens.H3K27ac.b2	Naive_Tcells.GSE101498.Homo_Sapiens.H3K27ac.b3	Naive_Tcells.GSE101498.Homo_Sapiens.H3K27ac
Nonclassical_Monocyte_1786.phs001703v4p1.Homo_Sapiens.H3K27ac.b1	Nonclassical_Monocyte_1786.phs001703v4p1.Homo_Sapiens.H3K27ac.b2	Nonclassical_Monocyte_1786.phs001703v4p1.Homo_Sapiens.H3K27ac
Nonclassical_Monocyte_1786.phs001703v4p1.Homo_Sapiens.H3K27ac.b1	Nonclassical_Monocyte_1786.phs001703v4p1.Homo_Sapiens.H3K27ac.b3	Nonclassical_Monocyte_1786.phs001703v4p1.Homo_Sapiens.H3K27ac
Nonclassical_Monocyte_1786.phs001703v4p1.Homo_Sapiens.H3K27ac.b1	Nonclassical_Monocyte_1786.phs001703v4p1.Homo_Sapiens.H3K27ac.b4	Nonclassical_Monocyte_1786.phs001703v4p1.Homo_Sapiens.H3K27ac
Nonclassical_Monocyte_1786.phs001703v4p1.Homo_Sapiens.H3K27ac.b2	Nonclassical_Monocyte_1786.phs001703v4p1.Homo_Sapiens.H3K27ac.b3	Nonclassical_Monocyte_1786.phs001703v4p1.Homo_Sapiens.H3K27ac
Nonclassical_Monocyte_1786.phs001703v4p1.Homo_Sapiens.H3K27ac.b2	Nonclassical_Monocyte_1786.phs001703v4p1.Homo_Sapiens.H3K27ac.b4	Nonclassical_Monocyte_1786.phs001703v4p1.Homo_Sapiens.H3K27ac
Nonclassical_Monocyte_1786.phs001703v4p1.Homo_Sapiens.H3K27ac.b3	Nonclassical_Monocyte_1786.phs001703v4p1.Homo_Sapiens.H3K27ac.b4	Nonclassical_Monocyte_1786.phs001703v4p1.Homo_Sapiens.H3K27ac
Nonclassical_Monocyte_1800.phs001703v4p1.Homo_Sapiens.H3K27ac.b1	Nonclassical_Monocyte_1800.phs001703v4p1.Homo_Sapiens.H3K27ac.b2	Nonclassical_Monocyte_1800.phs001703v4p1.Homo_Sapiens.H3K27ac
Nonclassical_Monocyte_1800.phs001703v4p1.Homo_Sapiens.H3K27ac.b1	Nonclassical_Monocyte_1800.phs001703v4p1.Homo_Sapiens.H3K27ac.b3	Nonclassical_Monocyte_1800.phs001703v4p1.Homo_Sapiens.H3K27ac
Nonclassical_Monocyte_1800.phs001703v4p1.Homo_Sapiens.H3K27ac.b1	Nonclassical_Monocyte_1800.phs001703v4p1.Homo_Sapiens.H3K27ac.b4	Nonclassical_Monocyte_1800.phs001703v4p1.Homo_Sapiens.H3K27ac
Nonclassical_Monocyte_1800.phs001703v4p1.Homo_Sapiens.H3K27ac.b2	Nonclassical_Monocyte_1800.phs001703v4p1.Homo_Sapiens.H3K27ac.b3	Nonclassical_Monocyte_1800.phs001703v4p1.Homo_Sapiens.H3K27ac
Nonclassical_Monocyte_1800.phs001703v4p1.Homo_Sapiens.H3K27ac.b2	Nonclassical_Monocyte_1800.phs001703v4p1.Homo_Sapiens.H3K27ac.b4	Nonclassical_Monocyte_1800.phs001703v4p1.Homo_Sapiens.H3K27ac
Nonclassical_Monocyte_1800.phs001703v4p1.Homo_Sapiens.H3K27ac.b3	Nonclassical_Monocyte_1800.phs001703v4p1.Homo_Sapiens.H3K27ac.b4	Nonclassical_Monocyte_1800.phs001703v4p1.Homo_Sapiens.H3K27ac
Nonclassical_Monocyte_1814.phs001703v4p1.Homo_Sapiens.H3K27ac.b1	Nonclassical_Monocyte_1814.phs001703v4p1.Homo_Sapiens.H3K27ac.b2	Nonclassical_Monocyte_1814.phs001703v4p1.Homo_Sapiens.H3K27ac
Nonclassical_Monocyte_1814.phs001703v4p1.Homo_Sapiens.H3K27ac.b1	Nonclassical_Monocyte_1814.phs001703v4p1.Homo_Sapiens.H3K27ac.b3	Nonclassical_Monocyte_1814.phs001703v4p1.Homo_Sapiens.H3K27ac
Nonclassical_Monocyte_1814.phs001703v4p1.Homo_Sapiens.H3K27ac.b1	Nonclassical_Monocyte_1814.phs001703v4p1.Homo_Sapiens.H3K27ac.b4	Nonclassical_Monocyte_1814.phs001703v4p1.Homo_Sapiens.H3K27ac
Nonclassical_Monocyte_1814.phs001703v4p1.Homo_Sapiens.H3K27ac.b2	Nonclassical_Monocyte_1814.phs001703v4p1.Homo_Sapiens.H3K27ac.b3	Nonclassical_Monocyte_1814.phs001703v4p1.Homo_Sapiens.H3K27ac
Nonclassical_Monocyte_1814.phs001703v4p1.Homo_Sapiens.H3K27ac.b2	Nonclassical_Monocyte_1814.phs001703v4p1.Homo_Sapiens.H3K27ac.b4	Nonclassical_Monocyte_1814.phs001703v4p1.Homo_Sapiens.H3K27ac
Nonclassical_Monocyte_1814.phs001703v4p1.Homo_Sapiens.H3K27ac.b3	Nonclassical_Monocyte_1814.phs001703v4p1.Homo_Sapiens.H3K27ac.b4	Nonclassical_Monocyte_1814.phs001703v4p1.Homo_Sapiens.H3K27ac
Nonclassical_Monocyte_1815.phs001703v4p1.Homo_Sapiens.H3K27ac.b1	Nonclassical_Monocyte_1815.phs001703v4p1.Homo_Sapiens.H3K27ac.b2	Nonclassical_Monocyte_1815.phs001703v4p1.Homo_Sapiens.H3K27ac
Nonclassical_Monocyte_1815.phs001703v4p1.Homo_Sapiens.H3K27ac.b1	Nonclassical_Monocyte_1815.phs001703v4p1.Homo_Sapiens.H3K27ac.b3	Nonclassical_Monocyte_1815.phs001703v4p1.Homo_Sapiens.H3K27ac
Nonclassical_Monocyte_1815.phs001703v4p1.Homo_Sapiens.H3K27ac.b1	Nonclassical_Monocyte_1815.phs001703v4p1.Homo_Sapiens.H3K27ac.b4	Nonclassical_Monocyte_1815.phs001703v4p1.Homo_Sapiens.H3K27ac
Nonclassical_Monocyte_1815.phs001703v4p1.Homo_Sapiens.H3K27ac.b2	Nonclassical_Monocyte_1815.phs001703v4p1.Homo_Sapiens.H3K27ac.b3	Nonclassical_Monocyte_1815.phs001703v4p1.Homo_Sapiens.H3K27ac
Nonclassical_Monocyte_1815.phs001703v4p1.Homo_Sapiens.H3K27ac.b2	Nonclassical_Monocyte_1815.phs001703v4p1.Homo_Sapiens.H3K27ac.b4	Nonclassical_Monocyte_1815.phs001703v4p1.Homo_Sapiens.H3K27ac
Nonclassical_Monocyte_1815.phs001703v4p1.Homo_Sapiens.H3K27ac.b3	Nonclassical_Monocyte_1815.phs001703v4p1.Homo_Sapiens.H3K27ac.b4	Nonclassical_Monocyte_1815.phs001703v4p1.Homo_Sapiens.H3K27ac
Nonclassical_Monocyte_1816.phs001703v4p1.Homo_Sapiens.H3K27ac.b1	Nonclassical_Monocyte_1816.phs001703v4p1.Homo_Sapiens.H3K27ac.b2	Nonclassical_Monocyte_1816.phs001703v4p1.Homo_Sapiens.H3K27ac
Nonclassical_Monocyte_1816.phs001703v4p1.Homo_Sapiens.H3K27ac.b1	Nonclassical_Monocyte_1816.phs001703v4p1.Homo_Sapiens.H3K27ac.b3	Nonclassical_Monocyte_1816.phs001703v4p1.Homo_Sapiens.H3K27ac
Nonclassical_Monocyte_1816.phs001703v4p1.Homo_Sapiens.H3K27ac.b1	Nonclassical_Monocyte_1816.phs001703v4p1.Homo_Sapiens.H3K27ac.b4	Nonclassical_Monocyte_1816.phs001703v4p1.Homo_Sapiens.H3K27ac
Nonclassical_Monocyte_1816.phs001703v4p1.Homo_Sapiens.H3K27ac.b2	Nonclassical_Monocyte_1816.phs001703v4p1.Homo_Sapiens.H3K27ac.b3	Nonclassical_Monocyte_1816.phs001703v4p1.Homo_Sapiens.H3K27ac
Nonclassical_Monocyte_1816.phs001703v4p1.Homo_Sapiens.H3K27ac.b2	Nonclassical_Monocyte_1816.phs001703v4p1.Homo_Sapiens.H3K27ac.b4	Nonclassical_Monocyte_1816.phs001703v4p1.Homo_Sapiens.H3K27ac
Nonclassical_Monocyte_1816.phs001703v4p1.Homo_Sapiens.H3K27ac.b3	Nonclassical_Monocyte_1816.phs001703v4p1.Homo_Sapiens.H3K27ac.b4	Nonclassical_Monocyte_1816.phs001703v4p1.Homo_Sapiens.H3K27ac
Nonclassical_Monocyte_1831.phs001703v4p1.Homo_Sapiens.H3K27ac.b1	Nonclassical_Monocyte_1831.phs001703v4p1.Homo_Sapiens.H3K27ac.b2	Nonclassical_Monocyte_1831.phs001703v4p1.Homo_Sapiens.H3K27ac
Nonclassical_Monocyte_1831.phs001703v4p1.Homo_Sapiens.H3K27ac.b1	Nonclassical_Monocyte_1831.phs001703v4p1.Homo_Sapiens.H3K27ac.b3	Nonclassical_Monocyte_1831.phs001703v4p1.Homo_Sapiens.H3K27ac
Nonclassical_Monocyte_1831.phs001703v4p1.Homo_Sapiens.H3K27ac.b1	Nonclassical_Monocyte_1831.phs001703v4p1.Homo_Sapiens.H3K27ac.b4	Nonclassical_Monocyte_1831.phs001703v4p1.Homo_Sapiens.H3K27ac
Nonclassical_Monocyte_1831.phs001703v4p1.Homo_Sapiens.H3K27ac.b2	Nonclassical_Monocyte_1831.phs001703v4p1.Homo_Sapiens.H3K27ac.b3	Nonclassical_Monocyte_1831.phs001703v4p1.Homo_Sapiens.H3K27ac
Nonclassical_Monocyte_1831.phs001703v4p1.Homo_Sapiens.H3K27ac.b2	Nonclassical_Monocyte_1831.phs001703v4p1.Homo_Sapiens.H3K27ac.b4	Nonclassical_Monocyte_1831.phs001703v4p1.Homo_Sapiens.H3K27ac
Nonclassical_Monocyte_1831.phs001703v4p1.Homo_Sapiens.H3K27ac.b3	Nonclassical_Monocyte_1831.phs001703v4p1.Homo_Sapiens.H3K27ac.b4	Nonclassical_Monocyte_1831.phs001703v4p1.Homo_Sapiens.H3K27ac
OCI-AML3-DeltaSTAG2.GSE111537.Homo_Sapiens.CTCF.b1	OCI-AML3-DeltaSTAG2.GSE111537.Homo_Sapiens.CTCF.b2	OCI-AML3-DeltaSTAG2.GSE111537.Homo_Sapiens.CTCF
OCI-AML3-WT.GSE111537.Homo_Sapiens.CTCF.b1	OCI-AML3-WT.GSE111537.Homo_Sapiens.CTCF.b2	OCI-AML3-WT.GSE111537.Homo_Sapiens.CTCF
OCI-Ly7-Control.GSE183797.Homo_Sapiens.H3K27ac.b1	OCI-Ly7-Control.GSE183797.Homo_Sapiens.H3K27ac.b2	OCI-Ly7-Control.GSE183797.Homo_Sapiens.H3K27ac
OCI-Ly7-Control.GSE183797.Homo_Sapiens.H3K27ac.b1	OCI-Ly7-Control.GSE183797.Homo_Sapiens.H3K27ac.b3	OCI-Ly7-Control.GSE183797.Homo_Sapiens.H3K27ac
OCI-Ly7-Control.GSE183797.Homo_Sapiens.H3K27ac.b2	OCI-Ly7-Control.GSE183797.Homo_Sapiens.H3K27ac.b3	OCI-Ly7-Control.GSE183797.Homo_Sapiens.H3K27ac
OCI-Ly7-OCABi.GSE183797.Homo_Sapiens.H3K27ac.b1	OCI-Ly7-OCABi.GSE183797.Homo_Sapiens.H3K27ac.b2	OCI-Ly7-OCABi.GSE183797.Homo_Sapiens.H3K27ac
PAEC-Control.GSE152900.Homo_Sapiens.H3K27ac.b1	PAEC-Control.GSE152900.Homo_Sapiens.H3K27ac.b2	PAEC-Control.GSE152900.Homo_Sapiens.H3K27ac
PAEC-Control.GSE152900.Homo_Sapiens.H3K27ac.b1	PAEC-Control.GSE152900.Homo_Sapiens.H3K27ac.b3	PAEC-Control.GSE152900.Homo_Sapiens.H3K27ac
PAEC-Control.GSE152900.Homo_Sapiens.H3K27ac.b2	PAEC-Control.GSE152900.Homo_Sapiens.H3K27ac.b3	PAEC-Control.GSE152900.Homo_Sapiens.H3K27ac
PAEC-LSS.GSE152900.Homo_Sapiens.H3K27ac.b1	PAEC-LSS.GSE152900.Homo_Sapiens.H3K27ac.b2	PAEC-LSS.GSE152900.Homo_Sapiens.H3K27ac
PAEC-LSS.GSE152900.Homo_Sapiens.H3K27ac.b1	PAEC-LSS.GSE152900.Homo_Sapiens.H3K27ac.b3	PAEC-LSS.GSE152900.Homo_Sapiens.H3K27ac
PAEC-LSS.GSE152900.Homo_Sapiens.H3K27ac.b2	PAEC-LSS.GSE152900.Homo_Sapiens.H3K27ac.b3	PAEC-LSS.GSE152900.Homo_Sapiens.H3K27ac
PAEC-siRNA-Ctrl.GSE152900.Homo_Sapiens.H3K27ac.b1	PAEC-siRNA-Ctrl.GSE152900.Homo_Sapiens.H3K27ac.b2	PAEC-siRNA-Ctrl.GSE152900.Homo_Sapiens.H3K27ac
PAEC-siRNA-KLF2-4.GSE152900.Homo_Sapiens.H3K27ac.b1	PAEC-siRNA-KLF2-4.GSE152900.Homo_Sapiens.H3K27ac.b2	PAEC-siRNA-KLF2-4.GSE152900.Homo_Sapiens.H3K27ac
Parietal-Lobe.GSE147672.Homo_Sapiens.H3K27ac.b1	Parietal-Lobe.GSE147672.Homo_Sapiens.H3K27ac.b2	Parietal-Lobe.GSE147672.Homo_Sapiens.H3K27ac
Primary-Foreskin-Keratinocytes-Day0.GSE158642.Homo_Sapiens.H3K27ac.b1	Primary-Foreskin-Keratinocytes-Day0.GSE158642.Homo_Sapiens.H3K27ac.b2	Primary-Foreskin-Keratinocytes-Day0.GSE158642.Homo_Sapiens.H3K27ac
Primary-Foreskin-Keratinocytes-Day3.GSE158642.Homo_Sapiens.H3K27ac.b1	Primary-Foreskin-Keratinocytes-Day3.GSE158642.Homo_Sapiens.H3K27ac.b2	Primary-Foreskin-Keratinocytes-Day3.GSE158642.Homo_Sapiens.H3K27ac
Primary-Foreskin-Keratinocytes-Day6.GSE158642.Homo_Sapiens.H3K27ac.b1	Primary-Foreskin-Keratinocytes-Day6.GSE158642.Homo_Sapiens.H3K27ac.b2	Primary-Foreskin-Keratinocytes-Day6.GSE158642.Homo_Sapiens.H3K27ac
Primary-T-D0.GSE168881.Homo_Sapiens.H3K27ac.b1	Primary-T-D0.GSE168881.Homo_Sapiens.H3K27ac.b2	Primary-T-D0.GSE168881.Homo_Sapiens.H3K27ac
Retina.GSE196235.Homo_Sapiens.H3K27ac.b1	Retina.GSE196235.Homo_Sapiens.H3K27ac.b2	Retina.GSE196235.Homo_Sapiens.H3K27ac
SEC-WT-D7.GSE120294.Homo_Sapiens.SMC1A.b1	SEC-WT-D7.GSE120294.Homo_Sapiens.SMC1A.b2	SEC-WT-D7.GSE120294.Homo_Sapiens.SMC1A
SEC-WT-D7.GSE120294.Homo_Sapiens.SMC1A.b1	SEC-WT-D7.GSE120294.Homo_Sapiens.SMC1A.b3	SEC-WT-D7.GSE120294.Homo_Sapiens.SMC1A
SEC-WT-D7.GSE120294.Homo_Sapiens.SMC1A.b2	SEC-WT-D7.GSE120294.Homo_Sapiens.SMC1A.b3	SEC-WT-D7.GSE120294.Homo_Sapiens.SMC1A
SEC-p63KO-D7.GSE120294.Homo_Sapiens.SMC1A.b1	SEC-p63KO-D7.GSE120294.Homo_Sapiens.SMC1A.b2	SEC-p63KO-D7.GSE120294.Homo_Sapiens.SMC1A
SEC-p63KO-D7.GSE120294.Homo_Sapiens.SMC1A.b1	SEC-p63KO-D7.GSE120294.Homo_Sapiens.SMC1A.b3	SEC-p63KO-D7.GSE120294.Homo_Sapiens.SMC1A
SEC-p63KO-D7.GSE120294.Homo_Sapiens.SMC1A.b2	SEC-p63KO-D7.GSE120294.Homo_Sapiens.SMC1A.b3	SEC-p63KO-D7.GSE120294.Homo_Sapiens.SMC1A
SNU16-dCas9-KRAB.GSE159985.Homo_Sapiens.H3K27ac.b1	SNU16-dCas9-KRAB.GSE159985.Homo_Sapiens.H3K27ac.b2	SNU16-dCas9-KRAB.GSE159985.Homo_Sapiens.H3K27ac
STAG2-KO.GSE116495.Homo_Sapiens.SMC1A.b1	STAG2-KO.GSE116495.Homo_Sapiens.SMC1A.b2	STAG2-KO.GSE116495.Homo_Sapiens.SMC1A
STAG2-WT.GSE116495.Homo_Sapiens.SMC1A.b1	STAG2-WT.GSE116495.Homo_Sapiens.SMC1A.b2	STAG2-WT.GSE116495.Homo_Sapiens.SMC1A
Substantia-Nigra.GSE147672.Homo_Sapiens.H3K27ac.b1	Substantia-Nigra.GSE147672.Homo_Sapiens.H3K27ac.b2	Substantia-Nigra.GSE147672.Homo_Sapiens.H3K27ac
Superior-and-Middle-Temporal-Gyri.GSE147672.Homo_Sapiens.H3K27ac.b1	Superior-and-Middle-Temporal-Gyri.GSE147672.Homo_Sapiens.H3K27ac.b2	Superior-and-Middle-Temporal-Gyri.GSE147672.Homo_Sapiens.H3K27ac
TC71_SA2m2.GSE133227.Homo_Sapiens.CTCF.b1	TC71_SA2m2.GSE133227.Homo_Sapiens.CTCF.b2	TC71_SA2m2.GSE133227.Homo_Sapiens.CTCF
TC71_SA2m2.GSE133227.Homo_Sapiens.H3K27ac.b1	TC71_SA2m2.GSE133227.Homo_Sapiens.H3K27ac.b2	TC71_SA2m2.GSE133227.Homo_Sapiens.H3K27ac
TC71_WT.GSE133227.Homo_Sapiens.CTCF.b1	TC71_WT.GSE133227.Homo_Sapiens.CTCF.b2	TC71_WT.GSE133227.Homo_Sapiens.CTCF
TC71_WT.GSE133227.Homo_Sapiens.H3K27ac.b1	TC71_WT.GSE133227.Homo_Sapiens.H3K27ac.b2	TC71_WT.GSE133227.Homo_Sapiens.H3K27ac
THP1-125D.GSE188380.Homo_Sapiens.CTCF.b1	THP1-125D.GSE188380.Homo_Sapiens.CTCF.b2	THP1-125D.GSE188380.Homo_Sapiens.CTCF
THP1-125D.GSE188380.Homo_Sapiens.CTCF.b1	THP1-125D.GSE188380.Homo_Sapiens.CTCF.b3	THP1-125D.GSE188380.Homo_Sapiens.CTCF
THP1-125D.GSE188380.Homo_Sapiens.CTCF.b2	THP1-125D.GSE188380.Homo_Sapiens.CTCF.b3	THP1-125D.GSE188380.Homo_Sapiens.CTCF
THP1-CTRL.GSE188380.Homo_Sapiens.CTCF.b1	THP1-CTRL.GSE188380.Homo_Sapiens.CTCF.b2	THP1-CTRL.GSE188380.Homo_Sapiens.CTCF
THP1-CTRL.GSE188380.Homo_Sapiens.CTCF.b1	THP1-CTRL.GSE188380.Homo_Sapiens.CTCF.b3	THP1-CTRL.GSE188380.Homo_Sapiens.CTCF
THP1-CTRL.GSE188380.Homo_Sapiens.CTCF.b2	THP1-CTRL.GSE188380.Homo_Sapiens.CTCF.b3	THP1-CTRL.GSE188380.Homo_Sapiens.CTCF
Th17.GSE101498.Homo_Sapiens.H3K27ac.b1	Th17.GSE101498.Homo_Sapiens.H3K27ac.b2	Th17.GSE101498.Homo_Sapiens.H3K27ac
Th17.GSE101498.Homo_Sapiens.H3K27ac.b1	Th17.GSE101498.Homo_Sapiens.H3K27ac.b3	Th17.GSE101498.Homo_Sapiens.H3K27ac
Th17.GSE101498.Homo_Sapiens.H3K27ac.b2	Th17.GSE101498.Homo_Sapiens.H3K27ac.b3	Th17.GSE101498.Homo_Sapiens.H3K27ac
Treg.GSE101498.Homo_Sapiens.H3K27ac.b1	Treg.GSE101498.Homo_Sapiens.H3K27ac.b2	Treg.GSE101498.Homo_Sapiens.H3K27ac
Treg.GSE101498.Homo_Sapiens.H3K27ac.b1	Treg.GSE101498.Homo_Sapiens.H3K27ac.b3	Treg.GSE101498.Homo_Sapiens.H3K27ac
Treg.GSE101498.Homo_Sapiens.H3K27ac.b2	Treg.GSE101498.Homo_Sapiens.H3K27ac.b3	Treg.GSE101498.Homo_Sapiens.H3K27ac
hESC-AHDC1-GIBBIN-KO.GSE181971.Homo_Sapiens.SMC1A.b1	hESC-AHDC1-GIBBIN-KO.GSE181971.Homo_Sapiens.SMC1A.b2	hESC-AHDC1-GIBBIN-KO.GSE181971.Homo_Sapiens.SMC1A
hESC-AHDC1-GIBBIN-KO.GSE181971.Homo_Sapiens.SMC1A.b1	hESC-AHDC1-GIBBIN-KO.GSE181971.Homo_Sapiens.SMC1A.b3	hESC-AHDC1-GIBBIN-KO.GSE181971.Homo_Sapiens.SMC1A
hESC-AHDC1-GIBBIN-KO.GSE181971.Homo_Sapiens.SMC1A.b2	hESC-AHDC1-GIBBIN-KO.GSE181971.Homo_Sapiens.SMC1A.b3	hESC-AHDC1-GIBBIN-KO.GSE181971.Homo_Sapiens.SMC1A
hESC-WT-D0.GSE120294.Homo_Sapiens.SMC1A.b1	hESC-WT-D0.GSE120294.Homo_Sapiens.SMC1A.b2	hESC-WT-D0.GSE120294.Homo_Sapiens.SMC1A
hESC-WT-D0.GSE120294.Homo_Sapiens.SMC1A.b1	hESC-WT-D0.GSE120294.Homo_Sapiens.SMC1A.b3	hESC-WT-D0.GSE120294.Homo_Sapiens.SMC1A
hESC-WT-D0.GSE120294.Homo_Sapiens.SMC1A.b2	hESC-WT-D0.GSE120294.Homo_Sapiens.SMC1A.b3	hESC-WT-D0.GSE120294.Homo_Sapiens.SMC1A
hESC-WT.GSE181971.Homo_Sapiens.SMC1A.b1	hESC-WT.GSE181971.Homo_Sapiens.SMC1A.b2	hESC-WT.GSE181971.Homo_Sapiens.SMC1A
hESC-WT.GSE181971.Homo_Sapiens.SMC1A.b1	hESC-WT.GSE181971.Homo_Sapiens.SMC1A.b3	hESC-WT.GSE181971.Homo_Sapiens.SMC1A
hESC-WT.GSE181971.Homo_Sapiens.SMC1A.b2	hESC-WT.GSE181971.Homo_Sapiens.SMC1A.b3	hESC-WT.GSE181971.Homo_Sapiens.SMC1A
hESC-p63GOF-D0.GSE120294.Homo_Sapiens.SMC1A.b1	hESC-p63GOF-D0.GSE120294.Homo_Sapiens.SMC1A.b2	hESC-p63GOF-D0.GSE120294.Homo_Sapiens.SMC1A
hESC-p63GOF-D0.GSE120294.Homo_Sapiens.SMC1A.b1	hESC-p63GOF-D0.GSE120294.Homo_Sapiens.SMC1A.b3	hESC-p63GOF-D0.GSE120294.Homo_Sapiens.SMC1A
hESC-p63GOF-D0.GSE120294.Homo_Sapiens.SMC1A.b2	hESC-p63GOF-D0.GSE120294.Homo_Sapiens.SMC1A.b3	hESC-p63GOF-D0.GSE120294.Homo_Sapiens.SMC1A
